[{"model": "contenttypes.contenttype", "pk": 1, "fields": {"app_label": "admin", "model": "logentry"}}, {"model": "contenttypes.contenttype", "pk": 2, "fields": {"app_label": "auth", "model": "permission"}}, {"model": "contenttypes.contenttype", "pk": 3, "fields": {"app_label": "auth", "model": "group"}}, {"model": "contenttypes.contenttype", "pk": 4, "fields": {"app_label": "contenttypes", "model": "contenttype"}}, {"model": "contenttypes.contenttype", "pk": 5, "fields": {"app_label": "sessions", "model": "session"}}, {"model": "contenttypes.contenttype", "pk": 6, "fields": {"app_label": "token_blacklist", "model": "blacklistedtoken"}}, {"model": "contenttypes.contenttype", "pk": 7, "fields": {"app_label": "token_blacklist", "model": "outstandingtoken"}}, {"model": "contenttypes.contenttype", "pk": 8, "fields": {"app_label": "core", "model": "user"}}, {"model": "contenttypes.contenttype", "pk": 9, "fields": {"app_label": "core", "model": "material"}}, {"model": "contenttypes.contenttype", "pk": 10, "fields": {"app_label": "core", "model": "product"}}, {"model": "contenttypes.contenttype", "pk": 11, "fields": {"app_label": "core", "model": "receipt"}}, {"model": "contenttypes.contenttype", "pk": 12, "fields": {"app_label": "core", "model": "order"}}, {"model": "contenttypes.contenttype", "pk": 13, "fields": {"app_label": "core", "model": "issue"}}, {"model": "contenttypes.contenttype", "pk": 14, "fields": {"app_label": "django_summernote", "model": "attachment"}}, {"model": "sessions.session", "pk": "tc64527iw8l9youzipeguoivwont4j5g", "fields": {"session_data": "ZDFjY2FiNWIxOWRhYjhkYWRmMjJkOWM2NzViMTU0OTIxZmJjMWNlODp7Il9hdXRoX3VzZXJfaWQiOiIxIiwiX2F1dGhfdXNlcl9iYWNrZW5kIjoiZGphbmdvLmNvbnRyaWIuYXV0aC5iYWNrZW5kcy5Nb2RlbEJhY2tlbmQiLCJfYXV0aF91c2VyX2hhc2giOiJkNzYwMjg4YTAzMzk2YmExOWJmMjQ1OGM4MzQ5M2Q5MGUzNGIyNWVkIn0=", "expire_date": "2021-02-01T05:46:13.216Z"}}, {"model": "token_blacklist.blacklistedtoken", "pk": 1, "fields": {"token": 1, "blacklisted_at": "2021-01-15T10:07:04.244Z"}}, {"model": "token_blacklist.blacklistedtoken", "pk": 2, "fields": {"token": 2, "blacklisted_at": "2021-01-15T10:07:15.103Z"}}, {"model": "token_blacklist.blacklistedtoken", "pk": 3, "fields": {"token": 3, "blacklisted_at": "2021-01-15T10:11:07.437Z"}}, {"model": "token_blacklist.blacklistedtoken", "pk": 4, "fields": {"token": 4, "blacklisted_at": "2021-01-15T10:13:05.756Z"}}, {"model": "token_blacklist.blacklistedtoken", "pk": 5, "fields": {"token": 5, "blacklisted_at": "2021-01-15T10:14:43.720Z"}}, {"model": "token_blacklist.blacklistedtoken", "pk": 6, "fields": {"token": 6, "blacklisted_at": "2021-01-15T12:32:53.016Z"}}, {"model": "token_blacklist.blacklistedtoken", "pk": 7, "fields": {"token": 7, "blacklisted_at": "2021-01-15T13:22:09.649Z"}}, {"model": "token_blacklist.blacklistedtoken", "pk": 8, "fields": {"token": 8, "blacklisted_at": "2021-01-15T13:23:13.785Z"}}, {"model": "token_blacklist.blacklistedtoken", "pk": 9, "fields": {"token": 9, "blacklisted_at": "2021-01-15T13:34:42.357Z"}}, {"model": "token_blacklist.blacklistedtoken", "pk": 10, "fields": {"token": 10, "blacklisted_at": "2021-01-15T13:43:57.097Z"}}, {"model": "token_blacklist.blacklistedtoken", "pk": 11, "fields": {"token": 11, "blacklisted_at": "2021-01-15T13:47:08.665Z"}}, {"model": "token_blacklist.blacklistedtoken", "pk": 12, "fields": {"token": 12, "blacklisted_at": "2021-01-15T13:50:53.684Z"}}, {"model": "token_blacklist.blacklistedtoken", "pk": 13, "fields": {"token": 13, "blacklisted_at": "2021-01-18T04:27:04.606Z"}}, {"model": "token_blacklist.blacklistedtoken", "pk": 14, "fields": {"token": 14, "blacklisted_at": "2021-01-18T06:26:26.370Z"}}, {"model": "token_blacklist.blacklistedtoken", "pk": 15, "fields": {"token": 15, "blacklisted_at": "2021-01-18T07:30:42.866Z"}}, {"model": "token_blacklist.blacklistedtoken", "pk": 16, "fields": {"token": 16, "blacklisted_at": "2021-01-18T08:24:50.728Z"}}, {"model": "token_blacklist.blacklistedtoken", "pk": 17, "fields": {"token": 17, "blacklisted_at": "2021-01-18T08:39:24.296Z"}}, {"model": "token_blacklist.blacklistedtoken", "pk": 18, "fields": {"token": 18, "blacklisted_at": "2021-01-18T09:36:37.284Z"}}, {"model": "token_blacklist.blacklistedtoken", "pk": 19, "fields": {"token": 19, "blacklisted_at": "2021-01-18T09:38:17.394Z"}}, {"model": "token_blacklist.blacklistedtoken", "pk": 20, "fields": {"token": 20, "blacklisted_at": "2021-01-18T09:39:23.951Z"}}, {"model": "token_blacklist.blacklistedtoken", "pk": 21, "fields": {"token": 21, "blacklisted_at": "2021-01-18T10:02:10.153Z"}}, {"model": "token_blacklist.blacklistedtoken", "pk": 22, "fields": {"token": 22, "blacklisted_at": "2021-01-18T10:22:24.659Z"}}, {"model": "token_blacklist.blacklistedtoken", "pk": 23, "fields": {"token": 23, "blacklisted_at": "2021-01-18T10:24:39.284Z"}}, {"model": "token_blacklist.blacklistedtoken", "pk": 24, "fields": {"token": 24, "blacklisted_at": "2021-01-18T10:26:49.572Z"}}, {"model": "token_blacklist.blacklistedtoken", "pk": 25, "fields": {"token": 25, "blacklisted_at": "2021-01-18T10:28:13.844Z"}}, {"model": "token_blacklist.blacklistedtoken", "pk": 26, "fields": {"token": 26, "blacklisted_at": "2021-01-18T10:31:34.152Z"}}, {"model": "token_blacklist.blacklistedtoken", "pk": 27, "fields": {"token": 27, "blacklisted_at": "2021-01-18T10:32:59.239Z"}}, {"model": "token_blacklist.blacklistedtoken", "pk": 28, "fields": {"token": 28, "blacklisted_at": "2021-01-18T10:33:19.214Z"}}, {"model": "token_blacklist.blacklistedtoken", "pk": 29, "fields": {"token": 29, "blacklisted_at": "2021-01-18T10:33:45.956Z"}}, {"model": "token_blacklist.blacklistedtoken", "pk": 30, "fields": {"token": 30, "blacklisted_at": "2021-01-18T10:34:48.285Z"}}, {"model": "token_blacklist.blacklistedtoken", "pk": 31, "fields": {"token": 31, "blacklisted_at": "2021-01-18T10:39:50.908Z"}}, {"model": "token_blacklist.blacklistedtoken", "pk": 32, "fields": {"token": 32, "blacklisted_at": "2021-01-18T10:41:57.473Z"}}, {"model": "token_blacklist.blacklistedtoken", "pk": 33, "fields": {"token": 33, "blacklisted_at": "2021-01-18T10:43:02.396Z"}}, {"model": "token_blacklist.blacklistedtoken", "pk": 34, "fields": {"token": 34, "blacklisted_at": "2021-01-18T10:48:50.150Z"}}, {"model": "token_blacklist.blacklistedtoken", "pk": 35, "fields": {"token": 35, "blacklisted_at": "2021-01-18T10:52:19.173Z"}}, {"model": "token_blacklist.blacklistedtoken", "pk": 36, "fields": {"token": 36, "blacklisted_at": "2021-01-18T10:58:42.891Z"}}, {"model": "token_blacklist.blacklistedtoken", "pk": 37, "fields": {"token": 37, "blacklisted_at": "2021-01-18T11:01:10.261Z"}}, {"model": "token_blacklist.blacklistedtoken", "pk": 38, "fields": {"token": 38, "blacklisted_at": "2021-01-18T11:04:36.434Z"}}, {"model": "token_blacklist.blacklistedtoken", "pk": 39, "fields": {"token": 39, "blacklisted_at": "2021-01-18T11:06:35.674Z"}}, {"model": "token_blacklist.blacklistedtoken", "pk": 40, "fields": {"token": 40, "blacklisted_at": "2021-01-18T11:08:45.749Z"}}, {"model": "token_blacklist.blacklistedtoken", "pk": 41, "fields": {"token": 41, "blacklisted_at": "2021-01-18T11:10:08.771Z"}}, {"model": "token_blacklist.blacklistedtoken", "pk": 42, "fields": {"token": 42, "blacklisted_at": "2021-01-18T11:10:08.864Z"}}, {"model": "token_blacklist.blacklistedtoken", "pk": 43, "fields": {"token": 43, "blacklisted_at": "2021-01-18T11:10:09.056Z"}}, {"model": "token_blacklist.blacklistedtoken", "pk": 44, "fields": {"token": 44, "blacklisted_at": "2021-01-18T11:10:09.110Z"}}, {"model": "token_blacklist.blacklistedtoken", "pk": 45, "fields": {"token": 45, "blacklisted_at": "2021-01-18T11:10:09.166Z"}}, {"model": "token_blacklist.blacklistedtoken", "pk": 46, "fields": {"token": 46, "blacklisted_at": "2021-01-18T11:10:09.230Z"}}, {"model": "token_blacklist.blacklistedtoken", "pk": 47, "fields": {"token": 47, "blacklisted_at": "2021-01-18T11:10:09.282Z"}}, {"model": "token_blacklist.blacklistedtoken", "pk": 48, "fields": {"token": 48, "blacklisted_at": "2021-01-18T11:10:09.346Z"}}, {"model": "token_blacklist.blacklistedtoken", "pk": 49, "fields": {"token": 49, "blacklisted_at": "2021-01-18T11:10:09.404Z"}}, {"model": "token_blacklist.blacklistedtoken", "pk": 50, "fields": {"token": 50, "blacklisted_at": "2021-01-18T11:10:09.475Z"}}, {"model": "token_blacklist.blacklistedtoken", "pk": 51, "fields": {"token": 51, "blacklisted_at": "2021-01-18T11:10:09.559Z"}}, {"model": "token_blacklist.blacklistedtoken", "pk": 52, "fields": {"token": 52, "blacklisted_at": "2021-01-18T11:10:09.662Z"}}, {"model": "token_blacklist.blacklistedtoken", "pk": 53, "fields": {"token": 53, "blacklisted_at": "2021-01-18T11:10:09.729Z"}}, {"model": "token_blacklist.blacklistedtoken", "pk": 54, "fields": {"token": 54, "blacklisted_at": "2021-01-18T11:10:09.786Z"}}, {"model": "token_blacklist.blacklistedtoken", "pk": 55, "fields": {"token": 55, "blacklisted_at": "2021-01-18T11:10:09.846Z"}}, {"model": "token_blacklist.blacklistedtoken", "pk": 56, "fields": {"token": 56, "blacklisted_at": "2021-01-18T11:10:09.902Z"}}, {"model": "token_blacklist.blacklistedtoken", "pk": 57, "fields": {"token": 57, "blacklisted_at": "2021-01-18T11:10:09.954Z"}}, {"model": "token_blacklist.blacklistedtoken", "pk": 58, "fields": {"token": 58, "blacklisted_at": "2021-01-18T11:10:10.005Z"}}, {"model": "token_blacklist.blacklistedtoken", "pk": 59, "fields": {"token": 59, "blacklisted_at": "2021-01-18T11:10:10.057Z"}}, {"model": "token_blacklist.blacklistedtoken", "pk": 60, "fields": {"token": 60, "blacklisted_at": "2021-01-18T11:10:10.109Z"}}, {"model": "token_blacklist.blacklistedtoken", "pk": 61, "fields": {"token": 61, "blacklisted_at": "2021-01-18T11:10:10.165Z"}}, {"model": "token_blacklist.blacklistedtoken", "pk": 62, "fields": {"token": 62, "blacklisted_at": "2021-01-18T11:10:10.348Z"}}, {"model": "token_blacklist.blacklistedtoken", "pk": 63, "fields": {"token": 63, "blacklisted_at": "2021-01-18T11:10:10.436Z"}}, {"model": "token_blacklist.blacklistedtoken", "pk": 64, "fields": {"token": 64, "blacklisted_at": "2021-01-18T11:10:10.493Z"}}, {"model": "token_blacklist.blacklistedtoken", "pk": 65, "fields": {"token": 65, "blacklisted_at": "2021-01-18T11:10:10.551Z"}}, {"model": "token_blacklist.blacklistedtoken", "pk": 66, "fields": {"token": 66, "blacklisted_at": "2021-01-18T11:10:10.602Z"}}, {"model": "token_blacklist.blacklistedtoken", "pk": 67, "fields": {"token": 67, "blacklisted_at": "2021-01-18T11:10:10.657Z"}}, {"model": "token_blacklist.blacklistedtoken", "pk": 68, "fields": {"token": 68, "blacklisted_at": "2021-01-18T11:10:10.709Z"}}, {"model": "token_blacklist.blacklistedtoken", "pk": 69, "fields": {"token": 69, "blacklisted_at": "2021-01-18T11:10:10.768Z"}}, {"model": "token_blacklist.blacklistedtoken", "pk": 70, "fields": {"token": 70, "blacklisted_at": "2021-01-18T11:10:10.822Z"}}, {"model": "token_blacklist.blacklistedtoken", "pk": 71, "fields": {"token": 71, "blacklisted_at": "2021-01-18T11:10:10.882Z"}}, {"model": "token_blacklist.blacklistedtoken", "pk": 72, "fields": {"token": 72, "blacklisted_at": "2021-01-18T11:10:10.952Z"}}, {"model": "token_blacklist.blacklistedtoken", "pk": 73, "fields": {"token": 73, "blacklisted_at": "2021-01-18T11:10:11.061Z"}}, {"model": "token_blacklist.blacklistedtoken", "pk": 74, "fields": {"token": 74, "blacklisted_at": "2021-01-18T11:10:11.119Z"}}, {"model": "token_blacklist.blacklistedtoken", "pk": 75, "fields": {"token": 75, "blacklisted_at": "2021-01-18T11:10:11.203Z"}}, {"model": "token_blacklist.blacklistedtoken", "pk": 76, "fields": {"token": 76, "blacklisted_at": "2021-01-18T11:10:11.263Z"}}, {"model": "token_blacklist.blacklistedtoken", "pk": 77, "fields": {"token": 77, "blacklisted_at": "2021-01-18T11:10:11.318Z"}}, {"model": "token_blacklist.blacklistedtoken", "pk": 78, "fields": {"token": 78, "blacklisted_at": "2021-01-18T11:10:11.375Z"}}, {"model": "token_blacklist.blacklistedtoken", "pk": 79, "fields": {"token": 79, "blacklisted_at": "2021-01-18T11:10:11.426Z"}}, {"model": "token_blacklist.blacklistedtoken", "pk": 80, "fields": {"token": 80, "blacklisted_at": "2021-01-18T11:10:11.482Z"}}, {"model": "token_blacklist.blacklistedtoken", "pk": 81, "fields": {"token": 81, "blacklisted_at": "2021-01-18T11:10:11.539Z"}}, {"model": "token_blacklist.blacklistedtoken", "pk": 82, "fields": {"token": 82, "blacklisted_at": "2021-01-18T11:10:11.589Z"}}, {"model": "token_blacklist.blacklistedtoken", "pk": 83, "fields": {"token": 83, "blacklisted_at": "2021-01-18T11:10:11.644Z"}}, {"model": "token_blacklist.blacklistedtoken", "pk": 84, "fields": {"token": 84, "blacklisted_at": "2021-01-18T11:10:11.697Z"}}, {"model": "token_blacklist.blacklistedtoken", "pk": 85, "fields": {"token": 85, "blacklisted_at": "2021-01-18T11:10:11.752Z"}}, {"model": "token_blacklist.blacklistedtoken", "pk": 86, "fields": {"token": 86, "blacklisted_at": "2021-01-18T11:10:11.812Z"}}, {"model": "token_blacklist.blacklistedtoken", "pk": 87, "fields": {"token": 87, "blacklisted_at": "2021-01-18T11:10:11.867Z"}}, {"model": "token_blacklist.blacklistedtoken", "pk": 88, "fields": {"token": 88, "blacklisted_at": "2021-01-18T11:10:11.923Z"}}, {"model": "token_blacklist.blacklistedtoken", "pk": 89, "fields": {"token": 89, "blacklisted_at": "2021-01-18T11:10:11.976Z"}}, {"model": "token_blacklist.blacklistedtoken", "pk": 90, "fields": {"token": 90, "blacklisted_at": "2021-01-18T11:10:12.031Z"}}, {"model": "token_blacklist.blacklistedtoken", "pk": 91, "fields": {"token": 91, "blacklisted_at": "2021-01-18T11:10:12.085Z"}}, {"model": "token_blacklist.blacklistedtoken", "pk": 92, "fields": {"token": 92, "blacklisted_at": "2021-01-18T11:10:12.147Z"}}, {"model": "token_blacklist.blacklistedtoken", "pk": 93, "fields": {"token": 93, "blacklisted_at": "2021-01-18T11:10:12.240Z"}}, {"model": "token_blacklist.blacklistedtoken", "pk": 94, "fields": {"token": 94, "blacklisted_at": "2021-01-18T11:10:12.307Z"}}, {"model": "token_blacklist.blacklistedtoken", "pk": 95, "fields": {"token": 95, "blacklisted_at": "2021-01-18T11:10:12.363Z"}}, {"model": "token_blacklist.blacklistedtoken", "pk": 96, "fields": {"token": 96, "blacklisted_at": "2021-01-18T11:10:12.419Z"}}, {"model": "token_blacklist.blacklistedtoken", "pk": 97, "fields": {"token": 97, "blacklisted_at": "2021-01-18T11:10:12.561Z"}}, {"model": "token_blacklist.blacklistedtoken", "pk": 98, "fields": {"token": 98, "blacklisted_at": "2021-01-18T11:10:12.619Z"}}, {"model": "token_blacklist.blacklistedtoken", "pk": 99, "fields": {"token": 99, "blacklisted_at": "2021-01-18T11:10:12.719Z"}}, {"model": "token_blacklist.blacklistedtoken", "pk": 100, "fields": {"token": 100, "blacklisted_at": "2021-01-18T11:10:12.818Z"}}, {"model": "token_blacklist.blacklistedtoken", "pk": 101, "fields": {"token": 101, "blacklisted_at": "2021-01-18T11:10:12.882Z"}}, {"model": "token_blacklist.blacklistedtoken", "pk": 102, "fields": {"token": 102, "blacklisted_at": "2021-01-18T11:10:12.933Z"}}, {"model": "token_blacklist.blacklistedtoken", "pk": 103, "fields": {"token": 103, "blacklisted_at": "2021-01-18T11:10:12.988Z"}}, {"model": "token_blacklist.blacklistedtoken", "pk": 104, "fields": {"token": 104, "blacklisted_at": "2021-01-18T11:10:13.039Z"}}, {"model": "token_blacklist.blacklistedtoken", "pk": 105, "fields": {"token": 105, "blacklisted_at": "2021-01-18T11:10:13.090Z"}}, {"model": "token_blacklist.blacklistedtoken", "pk": 106, "fields": {"token": 106, "blacklisted_at": "2021-01-18T11:10:13.179Z"}}, {"model": "token_blacklist.blacklistedtoken", "pk": 107, "fields": {"token": 107, "blacklisted_at": "2021-01-18T11:10:13.239Z"}}, {"model": "token_blacklist.blacklistedtoken", "pk": 108, "fields": {"token": 108, "blacklisted_at": "2021-01-18T11:10:13.306Z"}}, {"model": "token_blacklist.blacklistedtoken", "pk": 109, "fields": {"token": 109, "blacklisted_at": "2021-01-18T11:10:13.357Z"}}, {"model": "token_blacklist.blacklistedtoken", "pk": 110, "fields": {"token": 110, "blacklisted_at": "2021-01-18T11:10:13.411Z"}}, {"model": "token_blacklist.blacklistedtoken", "pk": 111, "fields": {"token": 111, "blacklisted_at": "2021-01-18T11:10:13.470Z"}}, {"model": "token_blacklist.blacklistedtoken", "pk": 112, "fields": {"token": 112, "blacklisted_at": "2021-01-18T11:10:13.526Z"}}, {"model": "token_blacklist.blacklistedtoken", "pk": 113, "fields": {"token": 113, "blacklisted_at": "2021-01-18T11:10:13.579Z"}}, {"model": "token_blacklist.blacklistedtoken", "pk": 114, "fields": {"token": 114, "blacklisted_at": "2021-01-18T11:10:13.636Z"}}, {"model": "token_blacklist.blacklistedtoken", "pk": 115, "fields": {"token": 115, "blacklisted_at": "2021-01-18T11:10:13.703Z"}}, {"model": "token_blacklist.blacklistedtoken", "pk": 116, "fields": {"token": 116, "blacklisted_at": "2021-01-18T11:10:13.832Z"}}, {"model": "token_blacklist.blacklistedtoken", "pk": 117, "fields": {"token": 117, "blacklisted_at": "2021-01-18T11:10:13.888Z"}}, {"model": "token_blacklist.blacklistedtoken", "pk": 118, "fields": {"token": 118, "blacklisted_at": "2021-01-18T11:10:13.943Z"}}, {"model": "token_blacklist.blacklistedtoken", "pk": 119, "fields": {"token": 119, "blacklisted_at": "2021-01-18T11:10:14.000Z"}}, {"model": "token_blacklist.blacklistedtoken", "pk": 120, "fields": {"token": 120, "blacklisted_at": "2021-01-18T11:10:14.057Z"}}, {"model": "token_blacklist.blacklistedtoken", "pk": 121, "fields": {"token": 121, "blacklisted_at": "2021-01-18T11:10:14.110Z"}}, {"model": "token_blacklist.blacklistedtoken", "pk": 122, "fields": {"token": 122, "blacklisted_at": "2021-01-18T11:10:14.167Z"}}, {"model": "token_blacklist.blacklistedtoken", "pk": 123, "fields": {"token": 123, "blacklisted_at": "2021-01-18T11:10:14.216Z"}}, {"model": "token_blacklist.blacklistedtoken", "pk": 124, "fields": {"token": 124, "blacklisted_at": "2021-01-18T11:10:14.268Z"}}, {"model": "token_blacklist.blacklistedtoken", "pk": 125, "fields": {"token": 125, "blacklisted_at": "2021-01-18T11:10:14.323Z"}}, {"model": "token_blacklist.blacklistedtoken", "pk": 126, "fields": {"token": 126, "blacklisted_at": "2021-01-18T11:10:14.377Z"}}, {"model": "token_blacklist.blacklistedtoken", "pk": 127, "fields": {"token": 127, "blacklisted_at": "2021-01-18T11:10:14.429Z"}}, {"model": "token_blacklist.blacklistedtoken", "pk": 128, "fields": {"token": 128, "blacklisted_at": "2021-01-18T11:10:14.482Z"}}, {"model": "token_blacklist.blacklistedtoken", "pk": 129, "fields": {"token": 129, "blacklisted_at": "2021-01-18T11:10:14.535Z"}}, {"model": "token_blacklist.blacklistedtoken", "pk": 130, "fields": {"token": 130, "blacklisted_at": "2021-01-18T11:10:14.587Z"}}, {"model": "token_blacklist.blacklistedtoken", "pk": 131, "fields": {"token": 131, "blacklisted_at": "2021-01-18T11:10:14.643Z"}}, {"model": "token_blacklist.blacklistedtoken", "pk": 132, "fields": {"token": 132, "blacklisted_at": "2021-01-18T11:10:14.697Z"}}, {"model": "token_blacklist.blacklistedtoken", "pk": 133, "fields": {"token": 133, "blacklisted_at": "2021-01-18T11:10:14.749Z"}}, {"model": "token_blacklist.blacklistedtoken", "pk": 134, "fields": {"token": 134, "blacklisted_at": "2021-01-18T11:10:14.799Z"}}, {"model": "token_blacklist.blacklistedtoken", "pk": 135, "fields": {"token": 135, "blacklisted_at": "2021-01-18T11:10:14.851Z"}}, {"model": "token_blacklist.blacklistedtoken", "pk": 136, "fields": {"token": 136, "blacklisted_at": "2021-01-18T11:10:14.903Z"}}, {"model": "token_blacklist.blacklistedtoken", "pk": 137, "fields": {"token": 137, "blacklisted_at": "2021-01-18T11:10:14.956Z"}}, {"model": "token_blacklist.blacklistedtoken", "pk": 138, "fields": {"token": 138, "blacklisted_at": "2021-01-18T11:10:15.015Z"}}, {"model": "token_blacklist.blacklistedtoken", "pk": 139, "fields": {"token": 139, "blacklisted_at": "2021-01-18T11:10:15.078Z"}}, {"model": "token_blacklist.blacklistedtoken", "pk": 140, "fields": {"token": 140, "blacklisted_at": "2021-01-18T11:10:15.151Z"}}, {"model": "token_blacklist.blacklistedtoken", "pk": 141, "fields": {"token": 141, "blacklisted_at": "2021-01-18T11:10:15.219Z"}}, {"model": "token_blacklist.blacklistedtoken", "pk": 142, "fields": {"token": 142, "blacklisted_at": "2021-01-18T11:10:15.291Z"}}, {"model": "token_blacklist.blacklistedtoken", "pk": 143, "fields": {"token": 143, "blacklisted_at": "2021-01-18T11:10:15.346Z"}}, {"model": "token_blacklist.blacklistedtoken", "pk": 144, "fields": {"token": 144, "blacklisted_at": "2021-01-18T11:10:15.402Z"}}, {"model": "token_blacklist.blacklistedtoken", "pk": 145, "fields": {"token": 145, "blacklisted_at": "2021-01-18T11:10:15.461Z"}}, {"model": "token_blacklist.blacklistedtoken", "pk": 146, "fields": {"token": 146, "blacklisted_at": "2021-01-18T11:10:15.522Z"}}, {"model": "token_blacklist.blacklistedtoken", "pk": 147, "fields": {"token": 147, "blacklisted_at": "2021-01-18T11:10:15.572Z"}}, {"model": "token_blacklist.blacklistedtoken", "pk": 148, "fields": {"token": 148, "blacklisted_at": "2021-01-18T11:10:15.624Z"}}, {"model": "token_blacklist.blacklistedtoken", "pk": 149, "fields": {"token": 149, "blacklisted_at": "2021-01-18T11:10:15.677Z"}}, {"model": "token_blacklist.blacklistedtoken", "pk": 150, "fields": {"token": 150, "blacklisted_at": "2021-01-18T11:10:15.735Z"}}, {"model": "token_blacklist.blacklistedtoken", "pk": 151, "fields": {"token": 151, "blacklisted_at": "2021-01-18T11:10:15.809Z"}}, {"model": "token_blacklist.blacklistedtoken", "pk": 152, "fields": {"token": 152, "blacklisted_at": "2021-01-18T11:10:15.860Z"}}, {"model": "token_blacklist.blacklistedtoken", "pk": 153, "fields": {"token": 153, "blacklisted_at": "2021-01-18T11:10:15.919Z"}}, {"model": "token_blacklist.blacklistedtoken", "pk": 154, "fields": {"token": 154, "blacklisted_at": "2021-01-18T11:10:15.980Z"}}, {"model": "token_blacklist.blacklistedtoken", "pk": 155, "fields": {"token": 155, "blacklisted_at": "2021-01-18T11:10:16.038Z"}}, {"model": "token_blacklist.blacklistedtoken", "pk": 156, "fields": {"token": 156, "blacklisted_at": "2021-01-18T11:10:16.090Z"}}, {"model": "token_blacklist.blacklistedtoken", "pk": 157, "fields": {"token": 157, "blacklisted_at": "2021-01-18T11:10:16.145Z"}}, {"model": "token_blacklist.blacklistedtoken", "pk": 158, "fields": {"token": 158, "blacklisted_at": "2021-01-18T11:10:16.195Z"}}, {"model": "token_blacklist.blacklistedtoken", "pk": 159, "fields": {"token": 159, "blacklisted_at": "2021-01-18T11:10:16.251Z"}}, {"model": "token_blacklist.blacklistedtoken", "pk": 160, "fields": {"token": 160, "blacklisted_at": "2021-01-18T11:10:16.302Z"}}, {"model": "token_blacklist.blacklistedtoken", "pk": 161, "fields": {"token": 161, "blacklisted_at": "2021-01-18T11:10:16.351Z"}}, {"model": "token_blacklist.blacklistedtoken", "pk": 162, "fields": {"token": 162, "blacklisted_at": "2021-01-18T11:10:16.401Z"}}, {"model": "token_blacklist.blacklistedtoken", "pk": 163, "fields": {"token": 163, "blacklisted_at": "2021-01-18T11:10:16.450Z"}}, {"model": "token_blacklist.blacklistedtoken", "pk": 164, "fields": {"token": 164, "blacklisted_at": "2021-01-18T11:10:16.500Z"}}, {"model": "token_blacklist.blacklistedtoken", "pk": 165, "fields": {"token": 165, "blacklisted_at": "2021-01-18T11:10:16.556Z"}}, {"model": "token_blacklist.blacklistedtoken", "pk": 166, "fields": {"token": 166, "blacklisted_at": "2021-01-18T11:10:16.611Z"}}, {"model": "token_blacklist.blacklistedtoken", "pk": 167, "fields": {"token": 167, "blacklisted_at": "2021-01-18T11:10:16.668Z"}}, {"model": "token_blacklist.blacklistedtoken", "pk": 168, "fields": {"token": 168, "blacklisted_at": "2021-01-18T11:10:16.726Z"}}, {"model": "token_blacklist.blacklistedtoken", "pk": 169, "fields": {"token": 169, "blacklisted_at": "2021-01-18T11:10:16.781Z"}}, {"model": "token_blacklist.blacklistedtoken", "pk": 170, "fields": {"token": 170, "blacklisted_at": "2021-01-18T11:10:16.836Z"}}, {"model": "token_blacklist.blacklistedtoken", "pk": 171, "fields": {"token": 171, "blacklisted_at": "2021-01-18T11:10:16.893Z"}}, {"model": "token_blacklist.blacklistedtoken", "pk": 172, "fields": {"token": 172, "blacklisted_at": "2021-01-18T11:10:16.943Z"}}, {"model": "token_blacklist.blacklistedtoken", "pk": 173, "fields": {"token": 173, "blacklisted_at": "2021-01-18T11:10:16.991Z"}}, {"model": "token_blacklist.blacklistedtoken", "pk": 174, "fields": {"token": 174, "blacklisted_at": "2021-01-18T11:10:17.043Z"}}, {"model": "token_blacklist.blacklistedtoken", "pk": 175, "fields": {"token": 175, "blacklisted_at": "2021-01-18T11:10:17.092Z"}}, {"model": "token_blacklist.blacklistedtoken", "pk": 176, "fields": {"token": 176, "blacklisted_at": "2021-01-18T11:10:17.147Z"}}, {"model": "token_blacklist.blacklistedtoken", "pk": 177, "fields": {"token": 177, "blacklisted_at": "2021-01-18T11:10:17.201Z"}}, {"model": "token_blacklist.blacklistedtoken", "pk": 178, "fields": {"token": 178, "blacklisted_at": "2021-01-18T11:10:17.251Z"}}, {"model": "token_blacklist.blacklistedtoken", "pk": 179, "fields": {"token": 179, "blacklisted_at": "2021-01-18T11:10:17.304Z"}}, {"model": "token_blacklist.blacklistedtoken", "pk": 180, "fields": {"token": 180, "blacklisted_at": "2021-01-18T11:10:17.361Z"}}, {"model": "token_blacklist.blacklistedtoken", "pk": 181, "fields": {"token": 181, "blacklisted_at": "2021-01-18T11:10:17.572Z"}}, {"model": "token_blacklist.blacklistedtoken", "pk": 182, "fields": {"token": 182, "blacklisted_at": "2021-01-18T11:10:17.619Z"}}, {"model": "token_blacklist.blacklistedtoken", "pk": 183, "fields": {"token": 183, "blacklisted_at": "2021-01-18T11:10:17.672Z"}}, {"model": "token_blacklist.blacklistedtoken", "pk": 184, "fields": {"token": 184, "blacklisted_at": "2021-01-18T11:10:17.722Z"}}, {"model": "token_blacklist.blacklistedtoken", "pk": 185, "fields": {"token": 185, "blacklisted_at": "2021-01-18T11:10:17.770Z"}}, {"model": "token_blacklist.blacklistedtoken", "pk": 186, "fields": {"token": 186, "blacklisted_at": "2021-01-18T11:10:17.823Z"}}, {"model": "token_blacklist.blacklistedtoken", "pk": 187, "fields": {"token": 187, "blacklisted_at": "2021-01-18T11:10:17.894Z"}}, {"model": "token_blacklist.blacklistedtoken", "pk": 188, "fields": {"token": 188, "blacklisted_at": "2021-01-18T11:10:17.962Z"}}, {"model": "token_blacklist.blacklistedtoken", "pk": 189, "fields": {"token": 189, "blacklisted_at": "2021-01-18T11:10:18.026Z"}}, {"model": "token_blacklist.blacklistedtoken", "pk": 190, "fields": {"token": 190, "blacklisted_at": "2021-01-18T11:10:18.101Z"}}, {"model": "token_blacklist.blacklistedtoken", "pk": 191, "fields": {"token": 191, "blacklisted_at": "2021-01-18T11:10:18.342Z"}}, {"model": "token_blacklist.blacklistedtoken", "pk": 192, "fields": {"token": 192, "blacklisted_at": "2021-01-18T11:10:18.394Z"}}, {"model": "token_blacklist.blacklistedtoken", "pk": 193, "fields": {"token": 193, "blacklisted_at": "2021-01-18T11:10:18.450Z"}}, {"model": "token_blacklist.blacklistedtoken", "pk": 194, "fields": {"token": 194, "blacklisted_at": "2021-01-18T11:10:18.501Z"}}, {"model": "token_blacklist.blacklistedtoken", "pk": 195, "fields": {"token": 195, "blacklisted_at": "2021-01-18T11:10:18.552Z"}}, {"model": "token_blacklist.blacklistedtoken", "pk": 196, "fields": {"token": 196, "blacklisted_at": "2021-01-18T11:10:18.602Z"}}, {"model": "token_blacklist.blacklistedtoken", "pk": 197, "fields": {"token": 197, "blacklisted_at": "2021-01-18T11:10:18.664Z"}}, {"model": "token_blacklist.blacklistedtoken", "pk": 198, "fields": {"token": 198, "blacklisted_at": "2021-01-18T11:10:18.712Z"}}, {"model": "token_blacklist.blacklistedtoken", "pk": 199, "fields": {"token": 199, "blacklisted_at": "2021-01-18T11:10:18.764Z"}}, {"model": "token_blacklist.blacklistedtoken", "pk": 200, "fields": {"token": 200, "blacklisted_at": "2021-01-18T11:10:18.816Z"}}, {"model": "token_blacklist.blacklistedtoken", "pk": 201, "fields": {"token": 201, "blacklisted_at": "2021-01-18T11:10:18.870Z"}}, {"model": "token_blacklist.blacklistedtoken", "pk": 202, "fields": {"token": 202, "blacklisted_at": "2021-01-18T11:10:18.927Z"}}, {"model": "token_blacklist.blacklistedtoken", "pk": 203, "fields": {"token": 203, "blacklisted_at": "2021-01-18T11:11:47.020Z"}}, {"model": "token_blacklist.blacklistedtoken", "pk": 204, "fields": {"token": 204, "blacklisted_at": "2021-01-18T11:16:48.645Z"}}, {"model": "token_blacklist.blacklistedtoken", "pk": 205, "fields": {"token": 205, "blacklisted_at": "2021-01-18T11:16:53.883Z"}}, {"model": "token_blacklist.blacklistedtoken", "pk": 206, "fields": {"token": 206, "blacklisted_at": "2021-01-18T11:18:46.418Z"}}, {"model": "token_blacklist.blacklistedtoken", "pk": 207, "fields": {"token": 207, "blacklisted_at": "2021-01-18T11:20:50.879Z"}}, {"model": "token_blacklist.blacklistedtoken", "pk": 208, "fields": {"token": 208, "blacklisted_at": "2021-01-18T11:48:56.033Z"}}, {"model": "token_blacklist.blacklistedtoken", "pk": 209, "fields": {"token": 209, "blacklisted_at": "2021-01-18T11:52:54.964Z"}}, {"model": "token_blacklist.blacklistedtoken", "pk": 210, "fields": {"token": 210, "blacklisted_at": "2021-01-18T13:26:59.108Z"}}, {"model": "token_blacklist.blacklistedtoken", "pk": 211, "fields": {"token": 211, "blacklisted_at": "2021-01-18T13:33:54.080Z"}}, {"model": "token_blacklist.blacklistedtoken", "pk": 212, "fields": {"token": 212, "blacklisted_at": "2021-01-18T14:03:04.487Z"}}, {"model": "token_blacklist.blacklistedtoken", "pk": 213, "fields": {"token": 213, "blacklisted_at": "2021-01-18T14:04:37.205Z"}}, {"model": "token_blacklist.blacklistedtoken", "pk": 214, "fields": {"token": 214, "blacklisted_at": "2021-01-18T14:05:46.657Z"}}, {"model": "token_blacklist.blacklistedtoken", "pk": 215, "fields": {"token": 215, "blacklisted_at": "2021-01-18T14:06:25.683Z"}}, {"model": "token_blacklist.blacklistedtoken", "pk": 216, "fields": {"token": 216, "blacklisted_at": "2021-01-20T04:39:28.196Z"}}, {"model": "token_blacklist.blacklistedtoken", "pk": 217, "fields": {"token": 217, "blacklisted_at": "2021-01-20T04:39:47.453Z"}}, {"model": "token_blacklist.blacklistedtoken", "pk": 218, "fields": {"token": 218, "blacklisted_at": "2021-01-20T04:55:22.246Z"}}, {"model": "token_blacklist.blacklistedtoken", "pk": 219, "fields": {"token": 219, "blacklisted_at": "2021-01-20T04:56:35.463Z"}}, {"model": "token_blacklist.blacklistedtoken", "pk": 220, "fields": {"token": 220, "blacklisted_at": "2021-01-20T04:57:42.508Z"}}, {"model": "token_blacklist.blacklistedtoken", "pk": 221, "fields": {"token": 221, "blacklisted_at": "2021-01-20T04:59:07.719Z"}}, {"model": "token_blacklist.blacklistedtoken", "pk": 222, "fields": {"token": 222, "blacklisted_at": "2021-01-20T05:00:08.850Z"}}, {"model": "token_blacklist.blacklistedtoken", "pk": 223, "fields": {"token": 223, "blacklisted_at": "2021-01-20T05:01:14.639Z"}}, {"model": "token_blacklist.blacklistedtoken", "pk": 224, "fields": {"token": 224, "blacklisted_at": "2021-01-20T05:02:19.725Z"}}, {"model": "token_blacklist.blacklistedtoken", "pk": 225, "fields": {"token": 225, "blacklisted_at": "2021-01-20T05:15:23.100Z"}}, {"model": "token_blacklist.blacklistedtoken", "pk": 226, "fields": {"token": 226, "blacklisted_at": "2021-01-20T05:15:26.453Z"}}, {"model": "token_blacklist.blacklistedtoken", "pk": 227, "fields": {"token": 227, "blacklisted_at": "2021-01-20T05:16:12.919Z"}}, {"model": "token_blacklist.blacklistedtoken", "pk": 228, "fields": {"token": 228, "blacklisted_at": "2021-01-20T05:16:15.601Z"}}, {"model": "token_blacklist.blacklistedtoken", "pk": 229, "fields": {"token": 229, "blacklisted_at": "2021-01-20T05:17:41.029Z"}}, {"model": "token_blacklist.blacklistedtoken", "pk": 230, "fields": {"token": 230, "blacklisted_at": "2021-01-20T06:15:52.669Z"}}, {"model": "token_blacklist.blacklistedtoken", "pk": 231, "fields": {"token": 231, "blacklisted_at": "2021-01-20T06:47:36.988Z"}}, {"model": "token_blacklist.blacklistedtoken", "pk": 232, "fields": {"token": 232, "blacklisted_at": "2021-01-20T06:56:16.285Z"}}, {"model": "token_blacklist.blacklistedtoken", "pk": 233, "fields": {"token": 233, "blacklisted_at": "2021-01-20T06:56:19.590Z"}}, {"model": "token_blacklist.blacklistedtoken", "pk": 234, "fields": {"token": 234, "blacklisted_at": "2021-01-20T07:08:55.950Z"}}, {"model": "token_blacklist.blacklistedtoken", "pk": 235, "fields": {"token": 235, "blacklisted_at": "2021-01-20T07:09:01.952Z"}}, {"model": "token_blacklist.blacklistedtoken", "pk": 236, "fields": {"token": 236, "blacklisted_at": "2021-01-20T07:17:52.747Z"}}, {"model": "token_blacklist.blacklistedtoken", "pk": 237, "fields": {"token": 237, "blacklisted_at": "2021-01-20T07:21:53.004Z"}}, {"model": "token_blacklist.blacklistedtoken", "pk": 238, "fields": {"token": 238, "blacklisted_at": "2021-01-20T07:21:53.179Z"}}, {"model": "token_blacklist.blacklistedtoken", "pk": 239, "fields": {"token": 239, "blacklisted_at": "2021-01-20T07:23:09.018Z"}}, {"model": "token_blacklist.blacklistedtoken", "pk": 240, "fields": {"token": 240, "blacklisted_at": "2021-01-20T07:23:17.588Z"}}, {"model": "token_blacklist.blacklistedtoken", "pk": 241, "fields": {"token": 241, "blacklisted_at": "2021-01-20T07:27:20.406Z"}}, {"model": "token_blacklist.blacklistedtoken", "pk": 242, "fields": {"token": 242, "blacklisted_at": "2021-01-20T07:27:27.232Z"}}, {"model": "token_blacklist.blacklistedtoken", "pk": 243, "fields": {"token": 243, "blacklisted_at": "2021-01-20T07:27:41.076Z"}}, {"model": "token_blacklist.blacklistedtoken", "pk": 244, "fields": {"token": 244, "blacklisted_at": "2021-01-20T07:28:12.018Z"}}, {"model": "token_blacklist.blacklistedtoken", "pk": 245, "fields": {"token": 245, "blacklisted_at": "2021-01-20T07:28:14.494Z"}}, {"model": "token_blacklist.blacklistedtoken", "pk": 246, "fields": {"token": 246, "blacklisted_at": "2021-01-20T07:43:28.266Z"}}, {"model": "token_blacklist.blacklistedtoken", "pk": 247, "fields": {"token": 247, "blacklisted_at": "2021-01-20T07:43:30.728Z"}}, {"model": "token_blacklist.blacklistedtoken", "pk": 248, "fields": {"token": 248, "blacklisted_at": "2021-01-20T07:43:31.428Z"}}, {"model": "token_blacklist.blacklistedtoken", "pk": 249, "fields": {"token": 249, "blacklisted_at": "2021-01-20T07:43:32.108Z"}}, {"model": "token_blacklist.blacklistedtoken", "pk": 250, "fields": {"token": 250, "blacklisted_at": "2021-01-20T07:43:32.615Z"}}, {"model": "token_blacklist.blacklistedtoken", "pk": 251, "fields": {"token": 251, "blacklisted_at": "2021-01-20T07:43:33.049Z"}}, {"model": "token_blacklist.blacklistedtoken", "pk": 252, "fields": {"token": 252, "blacklisted_at": "2021-01-20T07:44:01.789Z"}}, {"model": "token_blacklist.blacklistedtoken", "pk": 253, "fields": {"token": 253, "blacklisted_at": "2021-01-20T07:45:50.717Z"}}, {"model": "token_blacklist.blacklistedtoken", "pk": 254, "fields": {"token": 254, "blacklisted_at": "2021-01-20T07:46:52.462Z"}}, {"model": "token_blacklist.blacklistedtoken", "pk": 255, "fields": {"token": 255, "blacklisted_at": "2021-01-20T07:48:53.577Z"}}, {"model": "token_blacklist.blacklistedtoken", "pk": 256, "fields": {"token": 256, "blacklisted_at": "2021-01-20T07:50:09.153Z"}}, {"model": "token_blacklist.blacklistedtoken", "pk": 257, "fields": {"token": 257, "blacklisted_at": "2021-01-20T07:58:53.025Z"}}, {"model": "token_blacklist.blacklistedtoken", "pk": 258, "fields": {"token": 258, "blacklisted_at": "2021-01-20T08:00:01.269Z"}}, {"model": "token_blacklist.blacklistedtoken", "pk": 259, "fields": {"token": 259, "blacklisted_at": "2021-01-20T08:01:11.030Z"}}, {"model": "token_blacklist.blacklistedtoken", "pk": 260, "fields": {"token": 260, "blacklisted_at": "2021-01-20T08:02:56.426Z"}}, {"model": "token_blacklist.blacklistedtoken", "pk": 261, "fields": {"token": 261, "blacklisted_at": "2021-01-20T08:05:15.345Z"}}, {"model": "token_blacklist.blacklistedtoken", "pk": 262, "fields": {"token": 262, "blacklisted_at": "2021-01-20T08:06:17.269Z"}}, {"model": "token_blacklist.blacklistedtoken", "pk": 263, "fields": {"token": 263, "blacklisted_at": "2021-01-20T08:14:09.619Z"}}, {"model": "token_blacklist.blacklistedtoken", "pk": 264, "fields": {"token": 264, "blacklisted_at": "2021-01-20T08:17:24.800Z"}}, {"model": "token_blacklist.blacklistedtoken", "pk": 265, "fields": {"token": 265, "blacklisted_at": "2021-01-20T08:18:34.075Z"}}, {"model": "token_blacklist.blacklistedtoken", "pk": 266, "fields": {"token": 266, "blacklisted_at": "2021-01-20T08:19:36.187Z"}}, {"model": "token_blacklist.blacklistedtoken", "pk": 267, "fields": {"token": 267, "blacklisted_at": "2021-01-20T08:20:44.727Z"}}, {"model": "token_blacklist.blacklistedtoken", "pk": 268, "fields": {"token": 268, "blacklisted_at": "2021-01-20T08:22:59.536Z"}}, {"model": "token_blacklist.blacklistedtoken", "pk": 269, "fields": {"token": 269, "blacklisted_at": "2021-01-20T08:24:08.293Z"}}, {"model": "token_blacklist.blacklistedtoken", "pk": 270, "fields": {"token": 270, "blacklisted_at": "2021-01-20T08:29:21.982Z"}}, {"model": "token_blacklist.blacklistedtoken", "pk": 271, "fields": {"token": 271, "blacklisted_at": "2021-01-20T08:30:46.252Z"}}, {"model": "token_blacklist.blacklistedtoken", "pk": 272, "fields": {"token": 272, "blacklisted_at": "2021-01-20T08:33:34.289Z"}}, {"model": "token_blacklist.blacklistedtoken", "pk": 273, "fields": {"token": 273, "blacklisted_at": "2021-01-20T08:40:21.370Z"}}, {"model": "token_blacklist.blacklistedtoken", "pk": 274, "fields": {"token": 274, "blacklisted_at": "2021-01-20T08:43:02.067Z"}}, {"model": "token_blacklist.blacklistedtoken", "pk": 275, "fields": {"token": 275, "blacklisted_at": "2021-01-20T08:48:04.405Z"}}, {"model": "token_blacklist.blacklistedtoken", "pk": 276, "fields": {"token": 276, "blacklisted_at": "2021-01-20T09:15:41.868Z"}}, {"model": "token_blacklist.blacklistedtoken", "pk": 277, "fields": {"token": 277, "blacklisted_at": "2021-01-20T09:15:51.743Z"}}, {"model": "token_blacklist.blacklistedtoken", "pk": 278, "fields": {"token": 278, "blacklisted_at": "2021-01-21T02:09:19.028Z"}}, {"model": "core.product", "pk": 1, "fields": {"title": "R\u01b0\u1ee3u can 20 l\u00edt", "price": 25000}}, {"model": "core.product", "pk": 2, "fields": {"title": "R\u01b0\u1ee3u can 10 l\u00edt", "price": 25000}}, {"model": "core.material", "pk": 1, "fields": {"title": "G\u1ea1o", "description": "G\u1ea1o say"}}, {"model": "core.material", "pk": 2, "fields": {"title": "Men", "description": "Men b\u1eafc"}}, {"model": "auth.permission", "pk": 1, "fields": {"name": "Can add log entry", "content_type": 1, "codename": "add_logentry"}}, {"model": "auth.permission", "pk": 2, "fields": {"name": "Can change log entry", "content_type": 1, "codename": "change_logentry"}}, {"model": "auth.permission", "pk": 3, "fields": {"name": "Can delete log entry", "content_type": 1, "codename": "delete_logentry"}}, {"model": "auth.permission", "pk": 4, "fields": {"name": "Can view log entry", "content_type": 1, "codename": "view_logentry"}}, {"model": "auth.permission", "pk": 5, "fields": {"name": "Can add permission", "content_type": 2, "codename": "add_permission"}}, {"model": "auth.permission", "pk": 6, "fields": {"name": "Can change permission", "content_type": 2, "codename": "change_permission"}}, {"model": "auth.permission", "pk": 7, "fields": {"name": "Can delete permission", "content_type": 2, "codename": "delete_permission"}}, {"model": "auth.permission", "pk": 8, "fields": {"name": "Can view permission", "content_type": 2, "codename": "view_permission"}}, {"model": "auth.permission", "pk": 9, "fields": {"name": "Can add group", "content_type": 3, "codename": "add_group"}}, {"model": "auth.permission", "pk": 10, "fields": {"name": "Can change group", "content_type": 3, "codename": "change_group"}}, {"model": "auth.permission", "pk": 11, "fields": {"name": "Can delete group", "content_type": 3, "codename": "delete_group"}}, {"model": "auth.permission", "pk": 12, "fields": {"name": "Can view group", "content_type": 3, "codename": "view_group"}}, {"model": "auth.permission", "pk": 13, "fields": {"name": "Can add content type", "content_type": 4, "codename": "add_contenttype"}}, {"model": "auth.permission", "pk": 14, "fields": {"name": "Can change content type", "content_type": 4, "codename": "change_contenttype"}}, {"model": "auth.permission", "pk": 15, "fields": {"name": "Can delete content type", "content_type": 4, "codename": "delete_contenttype"}}, {"model": "auth.permission", "pk": 16, "fields": {"name": "Can view content type", "content_type": 4, "codename": "view_contenttype"}}, {"model": "auth.permission", "pk": 17, "fields": {"name": "Can add session", "content_type": 5, "codename": "add_session"}}, {"model": "auth.permission", "pk": 18, "fields": {"name": "Can change session", "content_type": 5, "codename": "change_session"}}, {"model": "auth.permission", "pk": 19, "fields": {"name": "Can delete session", "content_type": 5, "codename": "delete_session"}}, {"model": "auth.permission", "pk": 20, "fields": {"name": "Can view session", "content_type": 5, "codename": "view_session"}}, {"model": "auth.permission", "pk": 21, "fields": {"name": "Can add blacklisted token", "content_type": 6, "codename": "add_blacklistedtoken"}}, {"model": "auth.permission", "pk": 22, "fields": {"name": "Can change blacklisted token", "content_type": 6, "codename": "change_blacklistedtoken"}}, {"model": "auth.permission", "pk": 23, "fields": {"name": "Can delete blacklisted token", "content_type": 6, "codename": "delete_blacklistedtoken"}}, {"model": "auth.permission", "pk": 24, "fields": {"name": "Can view blacklisted token", "content_type": 6, "codename": "view_blacklistedtoken"}}, {"model": "auth.permission", "pk": 25, "fields": {"name": "Can add outstanding token", "content_type": 7, "codename": "add_outstandingtoken"}}, {"model": "auth.permission", "pk": 26, "fields": {"name": "Can change outstanding token", "content_type": 7, "codename": "change_outstandingtoken"}}, {"model": "auth.permission", "pk": 27, "fields": {"name": "Can delete outstanding token", "content_type": 7, "codename": "delete_outstandingtoken"}}, {"model": "auth.permission", "pk": 28, "fields": {"name": "Can view outstanding token", "content_type": 7, "codename": "view_outstandingtoken"}}, {"model": "auth.permission", "pk": 29, "fields": {"name": "Can add user", "content_type": 8, "codename": "add_user"}}, {"model": "auth.permission", "pk": 30, "fields": {"name": "Can change user", "content_type": 8, "codename": "change_user"}}, {"model": "auth.permission", "pk": 31, "fields": {"name": "Can delete user", "content_type": 8, "codename": "delete_user"}}, {"model": "auth.permission", "pk": 32, "fields": {"name": "Can view user", "content_type": 8, "codename": "view_user"}}, {"model": "auth.permission", "pk": 33, "fields": {"name": "Can add material", "content_type": 9, "codename": "add_material"}}, {"model": "auth.permission", "pk": 34, "fields": {"name": "Can change material", "content_type": 9, "codename": "change_material"}}, {"model": "auth.permission", "pk": 35, "fields": {"name": "Can delete material", "content_type": 9, "codename": "delete_material"}}, {"model": "auth.permission", "pk": 36, "fields": {"name": "Can view material", "content_type": 9, "codename": "view_material"}}, {"model": "auth.permission", "pk": 37, "fields": {"name": "Can add product", "content_type": 10, "codename": "add_product"}}, {"model": "auth.permission", "pk": 38, "fields": {"name": "Can change product", "content_type": 10, "codename": "change_product"}}, {"model": "auth.permission", "pk": 39, "fields": {"name": "Can delete product", "content_type": 10, "codename": "delete_product"}}, {"model": "auth.permission", "pk": 40, "fields": {"name": "Can view product", "content_type": 10, "codename": "view_product"}}, {"model": "auth.permission", "pk": 41, "fields": {"name": "Can add receipt", "content_type": 11, "codename": "add_receipt"}}, {"model": "auth.permission", "pk": 42, "fields": {"name": "Can change receipt", "content_type": 11, "codename": "change_receipt"}}, {"model": "auth.permission", "pk": 43, "fields": {"name": "Can delete receipt", "content_type": 11, "codename": "delete_receipt"}}, {"model": "auth.permission", "pk": 44, "fields": {"name": "Can view receipt", "content_type": 11, "codename": "view_receipt"}}, {"model": "auth.permission", "pk": 45, "fields": {"name": "Can add order", "content_type": 12, "codename": "add_order"}}, {"model": "auth.permission", "pk": 46, "fields": {"name": "Can change order", "content_type": 12, "codename": "change_order"}}, {"model": "auth.permission", "pk": 47, "fields": {"name": "Can delete order", "content_type": 12, "codename": "delete_order"}}, {"model": "auth.permission", "pk": 48, "fields": {"name": "Can view order", "content_type": 12, "codename": "view_order"}}, {"model": "auth.permission", "pk": 49, "fields": {"name": "Can add issue", "content_type": 13, "codename": "add_issue"}}, {"model": "auth.permission", "pk": 50, "fields": {"name": "Can change issue", "content_type": 13, "codename": "change_issue"}}, {"model": "auth.permission", "pk": 51, "fields": {"name": "Can delete issue", "content_type": 13, "codename": "delete_issue"}}, {"model": "auth.permission", "pk": 52, "fields": {"name": "Can view issue", "content_type": 13, "codename": "view_issue"}}, {"model": "auth.permission", "pk": 53, "fields": {"name": "Can add attachment", "content_type": 14, "codename": "add_attachment"}}, {"model": "auth.permission", "pk": 54, "fields": {"name": "Can change attachment", "content_type": 14, "codename": "change_attachment"}}, {"model": "auth.permission", "pk": 55, "fields": {"name": "Can delete attachment", "content_type": 14, "codename": "delete_attachment"}}, {"model": "auth.permission", "pk": 56, "fields": {"name": "Can view attachment", "content_type": 14, "codename": "view_attachment"}}, {"model": "core.user", "pk": 1, "fields": {"last_login": "2021-01-18T05:46:13.212Z", "is_superuser": true, "email": "admin@gmail.com", "password": "pbkdf2_sha256$180000$cCo7q5HknNBa$AcB4qnPkfil29JIDprLQ/ZBRi/yWZkuSabaYo3hCqWI=", "factory_name": "", "is_active": true, "is_staff": true, "groups": [], "user_permissions": []}}, {"model": "core.order", "pk": 1, "fields": {"employer": 1, "product": 1, "quantity": 1, "customer_name": "1", "note": "1", "date_created": "2021-01-15T10:05:24.092Z", "total_cost": 1.0, "completed": true}}, {"model": "core.order", "pk": 2, "fields": {"employer": 1, "product": 1, "quantity": 2, "customer_name": "32", "note": "", "date_created": "2021-01-15T10:13:05.809Z", "total_cost": 2.0, "completed": true}}, {"model": "core.order", "pk": 3, "fields": {"employer": 1, "product": 1, "quantity": 2, "customer_name": "2", "note": "", "date_created": "2021-01-15T10:14:43.746Z", "total_cost": 2.0, "completed": true}}, {"model": "core.order", "pk": 4, "fields": {"employer": 1, "product": 1, "quantity": 4, "customer_name": "4", "note": "", "date_created": "2021-01-15T10:15:09.593Z", "total_cost": 4.0, "completed": true}}, {"model": "core.order", "pk": 5, "fields": {"employer": 1, "product": 1, "quantity": 1, "customer_name": "Bacs quang", "note": "", "date_created": "2021-01-15T12:32:53.044Z", "total_cost": 500000.0, "completed": true}}, {"model": "core.order", "pk": 6, "fields": {"employer": 1, "product": 1, "quantity": 2, "customer_name": "Ch\u00fa qu\u00e2n", "note": "", "date_created": "2021-01-15T13:22:09.678Z", "total_cost": 1000000.0, "completed": true}}, {"model": "core.order", "pk": 10, "fields": {"employer": 1, "product": 1, "quantity": 2, "customer_name": "B\u00e1c \u0111\u1ea1o", "note": "n\u1ee3 m\u1ed9t n\u1eeda", "date_created": "2021-01-15T13:47:08.692Z", "total_cost": 1000000.0, "completed": true}}, {"model": "core.order", "pk": 11, "fields": {"employer": 1, "product": 1, "quantity": 3, "customer_name": "C\u00d4 thu", "note": "N\u1ee3", "date_created": "2021-01-15T13:50:53.713Z", "total_cost": 1500000.0, "completed": false}}, {"model": "core.order", "pk": 13, "fields": {"employer": 1, "product": 1, "quantity": 5, "customer_name": "kfdsjkl c", "note": "", "date_created": "2021-01-18T06:26:33.655Z", "total_cost": 2500000.0, "completed": true}}, {"model": "core.order", "pk": 16, "fields": {"employer": 1, "product": 1, "quantity": 9, "customer_name": "\u0110\u1ea1o", "note": "", "date_created": "2021-01-18T14:05:46.685Z", "total_cost": 4500000.0, "completed": true}}, {"model": "core.order", "pk": 20, "fields": {"employer": 1, "product": 1, "quantity": 9, "customer_name": "\u0110\u1ea1o", "note": "V\u00e0 h\u1ebft", "date_created": "2021-01-20T08:24:51.912Z", "total_cost": 4500000.0, "completed": true}}, {"model": "core.order", "pk": 21, "fields": {"employer": 1, "product": 1, "quantity": 8, "customer_name": "ggg", "note": "", "date_created": "2021-01-20T08:29:22.008Z", "total_cost": 4000000.0, "completed": true}}, {"model": "core.order", "pk": 22, "fields": {"employer": 1, "product": 1, "quantity": 8, "customer_name": "ggg", "note": "kkkk", "date_created": "2021-01-20T08:31:36.301Z", "total_cost": 4000000.0, "completed": true}}, {"model": "core.order", "pk": 23, "fields": {"employer": 1, "product": 2, "quantity": 10, "customer_name": "ggg", "note": "kkkk", "date_created": "2021-01-20T08:31:43.917Z", "total_cost": 2500000.0, "completed": true}}, {"model": "core.order", "pk": 24, "fields": {"employer": 1, "product": 1, "quantity": 3, "customer_name": "333", "note": "f", "date_created": "2021-01-20T08:40:38.175Z", "total_cost": 1500000.0, "completed": true}}, {"model": "core.receipt", "pk": 2, "fields": {"employer": 1, "material": 1, "date_created": "2021-01-18T07:30:42.898Z", "quantity": 5, "total_cost": 1200000.0}}, {"model": "core.receipt", "pk": 11, "fields": {"employer": 1, "material": 2, "date_created": "2021-01-18T09:39:51.837Z", "quantity": 55, "total_cost": 1375000.0}}, {"model": "core.receipt", "pk": 12, "fields": {"employer": 1, "material": 1, "date_created": "2021-01-18T09:39:56.003Z", "quantity": 45, "total_cost": 54.0}}, {"model": "core.receipt", "pk": 13, "fields": {"employer": 1, "material": 1, "date_created": "2021-01-18T09:39:59.960Z", "quantity": 454, "total_cost": 54.0}}, {"model": "core.receipt", "pk": 16, "fields": {"employer": 1, "material": 1, "date_created": "2021-01-18T10:02:46.353Z", "quantity": 15100, "total_cost": 54.0}}, {"model": "core.receipt", "pk": 31, "fields": {"employer": 1, "material": 1, "date_created": "2021-01-18T10:39:50.935Z", "quantity": 999, "total_cost": 54.0}}, {"model": "core.receipt", "pk": 33, "fields": {"employer": 1, "material": 1, "date_created": "2021-01-18T10:48:50.209Z", "quantity": 3, "total_cost": 54.0}}, {"model": "core.receipt", "pk": 35, "fields": {"employer": 1, "material": 1, "date_created": "2021-01-18T10:58:49.551Z", "quantity": 35, "total_cost": 54.0}}, {"model": "token_blacklist.outstandingtoken", "pk": 1, "fields": {"user": null, "jti": "fc9c5b3046b74edb92c30862a9dc41d8", "token": "eyJ0eXAiOiJKV1QiLCJhbGciOiJIUzI1NiJ9.eyJ0b2tlbl90eXBlIjoicmVmcmVzaCIsImV4cCI6MTYxMzI5NzIyNCwianRpIjoiZmM5YzViMzA0NmI3NGVkYjkyYzMwODYyYTlkYzQxZDgifQ.WpdcmPMS3kYjhFmUZwhAyh0sGlX1Yzp6IdUss2BDJ0k", "created_at": null, "expires_at": "2021-02-14T10:07:04Z"}}, {"model": "token_blacklist.outstandingtoken", "pk": 2, "fields": {"user": null, "jti": "de4cb21269504472ae834bf13b9eb2e4", "token": "eyJ0eXAiOiJKV1QiLCJhbGciOiJIUzI1NiJ9.eyJ0b2tlbl90eXBlIjoicmVmcmVzaCIsImV4cCI6MTYxMzA0MTQ2MSwianRpIjoiZGU0Y2IyMTI2OTUwNDQ3MmFlODM0YmYxM2I5ZWIyZTQiLCJ1c2VyX2lkIjoxfQ.KBFk3E_QqjGqgw-mVtOpTdeHfYfyOhViUn30NR3t7co", "created_at": null, "expires_at": "2021-02-11T11:04:21Z"}}, {"model": "token_blacklist.outstandingtoken", "pk": 3, "fields": {"user": 1, "jti": "869f4c543860460eaf32fee9ce2e0405", "token": "eyJ0eXAiOiJKV1QiLCJhbGciOiJIUzI1NiJ9.eyJ0b2tlbl90eXBlIjoicmVmcmVzaCIsImV4cCI6MTYxMzI5NzIzNSwianRpIjoiODY5ZjRjNTQzODYwNDYwZWFmMzJmZWU5Y2UyZTA0MDUiLCJ1c2VyX2lkIjoxfQ.bEMKvzYXFwQrfWPCIGPnMj5egGYu6xB-jG5p0h8zNPQ", "created_at": "2021-01-15T10:07:15.351Z", "expires_at": "2021-02-14T10:07:15Z"}}, {"model": "token_blacklist.outstandingtoken", "pk": 4, "fields": {"user": null, "jti": "269b6a8dc49c42f9a7f92c24f17d563f", "token": "eyJ0eXAiOiJKV1QiLCJhbGciOiJIUzI1NiJ9.eyJ0b2tlbl90eXBlIjoicmVmcmVzaCIsImV4cCI6MTYxMzI5NzQ2NywianRpIjoiMjY5YjZhOGRjNDljNDJmOWE3ZjkyYzI0ZjE3ZDU2M2YiLCJ1c2VyX2lkIjoxfQ.35L4FykAAAJrf6YMToaYhtX3d8cdMXqfuQXVqg-L7B4", "created_at": null, "expires_at": "2021-02-14T10:11:07Z"}}, {"model": "token_blacklist.outstandingtoken", "pk": 5, "fields": {"user": null, "jti": "88a83e65fdf64a68831d721bd664a34e", "token": "eyJ0eXAiOiJKV1QiLCJhbGciOiJIUzI1NiJ9.eyJ0b2tlbl90eXBlIjoicmVmcmVzaCIsImV4cCI6MTYxMzI5NzU4NSwianRpIjoiODhhODNlNjVmZGY2NGE2ODgzMWQ3MjFiZDY2NGEzNGUiLCJ1c2VyX2lkIjoxfQ.tskHtPkqObCoWPGvQNH3dDN0agDHnUCxxma3Su6yW4I", "created_at": null, "expires_at": "2021-02-14T10:13:05Z"}}, {"model": "token_blacklist.outstandingtoken", "pk": 6, "fields": {"user": null, "jti": "c4d6e8f6f7f34fd7ac6585c2695035ce", "token": "eyJ0eXAiOiJKV1QiLCJhbGciOiJIUzI1NiJ9.eyJ0b2tlbl90eXBlIjoicmVmcmVzaCIsImV4cCI6MTYxMzI5NzY4MywianRpIjoiYzRkNmU4ZjZmN2YzNGZkN2FjNjU4NWMyNjk1MDM1Y2UiLCJ1c2VyX2lkIjoxfQ.QXqoeJDnKvdU-mYgw_4_rh1VvFAHDGgaO-O343T-7u4", "created_at": null, "expires_at": "2021-02-14T10:14:43Z"}}, {"model": "token_blacklist.outstandingtoken", "pk": 7, "fields": {"user": null, "jti": "9abb0620cf214bdd87fc46a39e666109", "token": "eyJ0eXAiOiJKV1QiLCJhbGciOiJIUzI1NiJ9.eyJ0b2tlbl90eXBlIjoicmVmcmVzaCIsImV4cCI6MTYxMzMwNTk3MiwianRpIjoiOWFiYjA2MjBjZjIxNGJkZDg3ZmM0NmEzOWU2NjYxMDkiLCJ1c2VyX2lkIjoxfQ.PU4Qr258MY1RvOt2o9YDm1JfS8FMtHoHVv-ij3bTw9o", "created_at": null, "expires_at": "2021-02-14T12:32:52Z"}}, {"model": "token_blacklist.outstandingtoken", "pk": 8, "fields": {"user": null, "jti": "e97750ba0a0a46d2acedd8f2e2d09cb4", "token": "eyJ0eXAiOiJKV1QiLCJhbGciOiJIUzI1NiJ9.eyJ0b2tlbl90eXBlIjoicmVmcmVzaCIsImV4cCI6MTYxMzMwODkyOSwianRpIjoiZTk3NzUwYmEwYTBhNDZkMmFjZWRkOGYyZTJkMDljYjQiLCJ1c2VyX2lkIjoxfQ.KROzVB9IQX34ylImDWRgLWt1N8-1JCq02UjGYNZdMQc", "created_at": null, "expires_at": "2021-02-14T13:22:09Z"}}, {"model": "token_blacklist.outstandingtoken", "pk": 9, "fields": {"user": null, "jti": "a382155c744f4390bf726f7e130623a7", "token": "eyJ0eXAiOiJKV1QiLCJhbGciOiJIUzI1NiJ9.eyJ0b2tlbl90eXBlIjoicmVmcmVzaCIsImV4cCI6MTYxMzMwODk5MywianRpIjoiYTM4MjE1NWM3NDRmNDM5MGJmNzI2ZjdlMTMwNjIzYTciLCJ1c2VyX2lkIjoxfQ.vkN59sVM6oEzP417qMRDc1lMOWvd5ScZZ7G0iDDJO-o", "created_at": null, "expires_at": "2021-02-14T13:23:13Z"}}, {"model": "token_blacklist.outstandingtoken", "pk": 10, "fields": {"user": null, "jti": "58ff8894f58f43c986b3ba36db19637a", "token": "eyJ0eXAiOiJKV1QiLCJhbGciOiJIUzI1NiJ9.eyJ0b2tlbl90eXBlIjoicmVmcmVzaCIsImV4cCI6MTYxMzMwOTY4MiwianRpIjoiNThmZjg4OTRmNThmNDNjOTg2YjNiYTM2ZGIxOTYzN2EiLCJ1c2VyX2lkIjoxfQ.wSg58laJ7Tt18A1BN6ywexP_A9eQ14uFKQd20q__XwQ", "created_at": null, "expires_at": "2021-02-14T13:34:42Z"}}, {"model": "token_blacklist.outstandingtoken", "pk": 11, "fields": {"user": null, "jti": "708bdd7681c74abdb675df9f88b2453d", "token": "eyJ0eXAiOiJKV1QiLCJhbGciOiJIUzI1NiJ9.eyJ0b2tlbl90eXBlIjoicmVmcmVzaCIsImV4cCI6MTYxMzMxMDIzNywianRpIjoiNzA4YmRkNzY4MWM3NGFiZGI2NzVkZjlmODhiMjQ1M2QiLCJ1c2VyX2lkIjoxfQ.3TZPhFUVoCil9DFFy4GcQsoBoaYTdDrrGg1Ok_zsvIA", "created_at": null, "expires_at": "2021-02-14T13:43:57Z"}}, {"model": "token_blacklist.outstandingtoken", "pk": 12, "fields": {"user": null, "jti": "43192b810fa24c9b850a916ad7e7eda6", "token": "eyJ0eXAiOiJKV1QiLCJhbGciOiJIUzI1NiJ9.eyJ0b2tlbl90eXBlIjoicmVmcmVzaCIsImV4cCI6MTYxMzMxMDQyOCwianRpIjoiNDMxOTJiODEwZmEyNGM5Yjg1MGE5MTZhZDdlN2VkYTYiLCJ1c2VyX2lkIjoxfQ.3HEGw_9lu2DTeuGGnn64-mwzQiC-4Xowf2VxoVM8Dz8", "created_at": null, "expires_at": "2021-02-14T13:47:08Z"}}, {"model": "token_blacklist.outstandingtoken", "pk": 13, "fields": {"user": null, "jti": "bc824e438fd246d59bca8bbe8cb82bcd", "token": "eyJ0eXAiOiJKV1QiLCJhbGciOiJIUzI1NiJ9.eyJ0b2tlbl90eXBlIjoicmVmcmVzaCIsImV4cCI6MTYxMzMxMDY1MywianRpIjoiYmM4MjRlNDM4ZmQyNDZkNTliY2E4YmJlOGNiODJiY2QiLCJ1c2VyX2lkIjoxfQ.jQZnK2MM_QyXdR0KVrdYfZYOGfiKWKDkw_9ygVkWXEg", "created_at": null, "expires_at": "2021-02-14T13:50:53Z"}}, {"model": "token_blacklist.outstandingtoken", "pk": 14, "fields": {"user": 1, "jti": "aac772a7839743b8bb5cba533c7e82c3", "token": "eyJ0eXAiOiJKV1QiLCJhbGciOiJIUzI1NiJ9.eyJ0b2tlbl90eXBlIjoicmVmcmVzaCIsImV4cCI6MTYxMzUzNjAyNiwianRpIjoiYWFjNzcyYTc4Mzk3NDNiOGJiNWNiYTUzM2M3ZTgyYzMiLCJ1c2VyX2lkIjoxfQ.5_uT_PtkAeVR2vbu-Ccl7mIp8Z1vN4v3WF87Woh7Ju4", "created_at": "2021-01-18T04:27:06.735Z", "expires_at": "2021-02-17T04:27:06Z"}}, {"model": "token_blacklist.outstandingtoken", "pk": 15, "fields": {"user": null, "jti": "67a06385fb184b30bb44c7fe211912aa", "token": "eyJ0eXAiOiJKV1QiLCJhbGciOiJIUzI1NiJ9.eyJ0b2tlbl90eXBlIjoicmVmcmVzaCIsImV4cCI6MTYxMzU0MzE4NiwianRpIjoiNjdhMDYzODVmYjE4NGIzMGJiNDRjN2ZlMjExOTEyYWEiLCJ1c2VyX2lkIjoxfQ.AIYWbvb3c2aztlzFympjdRoXhVZJUuP6YQZ7FiGUJe4", "created_at": null, "expires_at": "2021-02-17T06:26:26Z"}}, {"model": "token_blacklist.outstandingtoken", "pk": 16, "fields": {"user": null, "jti": "fd5359b67e61469a9c46c6eaa1d26c51", "token": "eyJ0eXAiOiJKV1QiLCJhbGciOiJIUzI1NiJ9.eyJ0b2tlbl90eXBlIjoicmVmcmVzaCIsImV4cCI6MTYxMzU0NzA0MiwianRpIjoiZmQ1MzU5YjY3ZTYxNDY5YTljNDZjNmVhYTFkMjZjNTEiLCJ1c2VyX2lkIjoxfQ.Jg_7ZqWAGzFi1yFQbvdNS04KDL4hhiPN4DKOtLKglP0", "created_at": null, "expires_at": "2021-02-17T07:30:42Z"}}, {"model": "token_blacklist.outstandingtoken", "pk": 17, "fields": {"user": null, "jti": "e5d8d5e9cf5544e1895da6d4308ee3a4", "token": "eyJ0eXAiOiJKV1QiLCJhbGciOiJIUzI1NiJ9.eyJ0b2tlbl90eXBlIjoicmVmcmVzaCIsImV4cCI6MTYxMzU1MDI5MCwianRpIjoiZTVkOGQ1ZTljZjU1NDRlMTg5NWRhNmQ0MzA4ZWUzYTQiLCJ1c2VyX2lkIjoxfQ.nwT7z9OJI4iPNEuJMQgFKIGX-w7zJTGphNy9MRwhNGM", "created_at": null, "expires_at": "2021-02-17T08:24:50Z"}}, {"model": "token_blacklist.outstandingtoken", "pk": 18, "fields": {"user": null, "jti": "e6e1056b48e54892813182920780a9c0", "token": "eyJ0eXAiOiJKV1QiLCJhbGciOiJIUzI1NiJ9.eyJ0b2tlbl90eXBlIjoicmVmcmVzaCIsImV4cCI6MTYxMzU1MTE2NCwianRpIjoiZTZlMTA1NmI0OGU1NDg5MjgxMzE4MjkyMDc4MGE5YzAiLCJ1c2VyX2lkIjoxfQ.xIIqu7TqcEtz3HzSr64MNq5XgWzD5ULbF9VPKXEe8x4", "created_at": null, "expires_at": "2021-02-17T08:39:24Z"}}, {"model": "token_blacklist.outstandingtoken", "pk": 19, "fields": {"user": null, "jti": "7e065033b60843bdad4ed22ab24ad922", "token": "eyJ0eXAiOiJKV1QiLCJhbGciOiJIUzI1NiJ9.eyJ0b2tlbl90eXBlIjoicmVmcmVzaCIsImV4cCI6MTYxMzU1NDU5NywianRpIjoiN2UwNjUwMzNiNjA4NDNiZGFkNGVkMjJhYjI0YWQ5MjIiLCJ1c2VyX2lkIjoxfQ.8dH6yu8IMx-pKxDv9k62XXwHUjS1S5RxF77sC7DFq2g", "created_at": null, "expires_at": "2021-02-17T09:36:37Z"}}, {"model": "token_blacklist.outstandingtoken", "pk": 20, "fields": {"user": null, "jti": "428d3aeaa9fd4a28be5a2de04a0dc3b4", "token": "eyJ0eXAiOiJKV1QiLCJhbGciOiJIUzI1NiJ9.eyJ0b2tlbl90eXBlIjoicmVmcmVzaCIsImV4cCI6MTYxMzU1NDY5NywianRpIjoiNDI4ZDNhZWFhOWZkNGEyOGJlNWEyZGUwNGEwZGMzYjQiLCJ1c2VyX2lkIjoxfQ.YSfRnrOND4l975lVqIGLEa81N3BiOF87KYXgn0Q6PQA", "created_at": null, "expires_at": "2021-02-17T09:38:17Z"}}, {"model": "token_blacklist.outstandingtoken", "pk": 21, "fields": {"user": null, "jti": "60c713de140641a49c8e766f8549ea4d", "token": "eyJ0eXAiOiJKV1QiLCJhbGciOiJIUzI1NiJ9.eyJ0b2tlbl90eXBlIjoicmVmcmVzaCIsImV4cCI6MTYxMzU1NDc2MywianRpIjoiNjBjNzEzZGUxNDA2NDFhNDljOGU3NjZmODU0OWVhNGQiLCJ1c2VyX2lkIjoxfQ.RDx0y_7SkWQEKGOGR4FI83oR1w4wO0tYv7wW8V5618M", "created_at": null, "expires_at": "2021-02-17T09:39:23Z"}}, {"model": "token_blacklist.outstandingtoken", "pk": 22, "fields": {"user": null, "jti": "2f7b11344b2d4f1eb5eccbe255ed7fa9", "token": "eyJ0eXAiOiJKV1QiLCJhbGciOiJIUzI1NiJ9.eyJ0b2tlbl90eXBlIjoicmVmcmVzaCIsImV4cCI6MTYxMzU1NjEzMCwianRpIjoiMmY3YjExMzQ0YjJkNGYxZWI1ZWNjYmUyNTVlZDdmYTkiLCJ1c2VyX2lkIjoxfQ.UDXxxBhXxyuIMQgADm1vZBaWNk0t5S1CQ0FB0213RRw", "created_at": null, "expires_at": "2021-02-17T10:02:10Z"}}, {"model": "token_blacklist.outstandingtoken", "pk": 23, "fields": {"user": null, "jti": "357e431e8e914846b60fd67204189f1b", "token": "eyJ0eXAiOiJKV1QiLCJhbGciOiJIUzI1NiJ9.eyJ0b2tlbl90eXBlIjoicmVmcmVzaCIsImV4cCI6MTYxMzU1NzM0NCwianRpIjoiMzU3ZTQzMWU4ZTkxNDg0NmI2MGZkNjcyMDQxODlmMWIiLCJ1c2VyX2lkIjoxfQ.GMdNgTVdGQASt1l3BW113Fkyn2ffJo1ESxU-IHO58xg", "created_at": null, "expires_at": "2021-02-17T10:22:24Z"}}, {"model": "token_blacklist.outstandingtoken", "pk": 24, "fields": {"user": null, "jti": "d78bced3bbcc47a5a49f42caa6c71c02", "token": "eyJ0eXAiOiJKV1QiLCJhbGciOiJIUzI1NiJ9.eyJ0b2tlbl90eXBlIjoicmVmcmVzaCIsImV4cCI6MTYxMzU1NzQ3OSwianRpIjoiZDc4YmNlZDNiYmNjNDdhNWE0OWY0MmNhYTZjNzFjMDIiLCJ1c2VyX2lkIjoxfQ.7_bFFGz2d8HA7UVPb6uXBUJifI0JKvMA8DhVCAsNwSo", "created_at": null, "expires_at": "2021-02-17T10:24:39Z"}}, {"model": "token_blacklist.outstandingtoken", "pk": 25, "fields": {"user": null, "jti": "adff004b7b6a4d6f838aa959688bf411", "token": "eyJ0eXAiOiJKV1QiLCJhbGciOiJIUzI1NiJ9.eyJ0b2tlbl90eXBlIjoicmVmcmVzaCIsImV4cCI6MTYxMzU1NzYwOSwianRpIjoiYWRmZjAwNGI3YjZhNGQ2ZjgzOGFhOTU5Njg4YmY0MTEiLCJ1c2VyX2lkIjoxfQ.RL_QpeCkaMLJmCfg4zIVdQ27ckzP0dZE1EHVqaWDPp0", "created_at": null, "expires_at": "2021-02-17T10:26:49Z"}}, {"model": "token_blacklist.outstandingtoken", "pk": 26, "fields": {"user": null, "jti": "2b020a76196c4546a853e77a83aef689", "token": "eyJ0eXAiOiJKV1QiLCJhbGciOiJIUzI1NiJ9.eyJ0b2tlbl90eXBlIjoicmVmcmVzaCIsImV4cCI6MTYxMzU1NzY5MywianRpIjoiMmIwMjBhNzYxOTZjNDU0NmE4NTNlNzdhODNhZWY2ODkiLCJ1c2VyX2lkIjoxfQ.hWAdJMUqHYv_EYCQ-WUgZ1pu4TThJ-GtSjKGMpUM-6A", "created_at": null, "expires_at": "2021-02-17T10:28:13Z"}}, {"model": "token_blacklist.outstandingtoken", "pk": 27, "fields": {"user": null, "jti": "fc3fa3569d964b91aecfdbbea57c8b58", "token": "eyJ0eXAiOiJKV1QiLCJhbGciOiJIUzI1NiJ9.eyJ0b2tlbl90eXBlIjoicmVmcmVzaCIsImV4cCI6MTYxMzU1Nzg5NCwianRpIjoiZmMzZmEzNTY5ZDk2NGI5MWFlY2ZkYmJlYTU3YzhiNTgiLCJ1c2VyX2lkIjoxfQ.73G0r9AoU3qGtR41wbI12CaAuqgrcWtgR3I4SIXQSGY", "created_at": null, "expires_at": "2021-02-17T10:31:34Z"}}, {"model": "token_blacklist.outstandingtoken", "pk": 28, "fields": {"user": null, "jti": "597d284c41914c1991b7b2159c902acf", "token": "eyJ0eXAiOiJKV1QiLCJhbGciOiJIUzI1NiJ9.eyJ0b2tlbl90eXBlIjoicmVmcmVzaCIsImV4cCI6MTYxMzU1Nzk3OSwianRpIjoiNTk3ZDI4NGM0MTkxNGMxOTkxYjdiMjE1OWM5MDJhY2YiLCJ1c2VyX2lkIjoxfQ.kCnOGFzP-b2D7-b99wSa2nnwD1-du0oIQAoyCJKqobc", "created_at": null, "expires_at": "2021-02-17T10:32:59Z"}}, {"model": "token_blacklist.outstandingtoken", "pk": 29, "fields": {"user": 1, "jti": "f77a07e974064db89d8de600a7493097", "token": "eyJ0eXAiOiJKV1QiLCJhbGciOiJIUzI1NiJ9.eyJ0b2tlbl90eXBlIjoicmVmcmVzaCIsImV4cCI6MTYxMzU1ODAwMSwianRpIjoiZjc3YTA3ZTk3NDA2NGRiODlkOGRlNjAwYTc0OTMwOTciLCJ1c2VyX2lkIjoxfQ.XOZD5wWUnkGhbiLOMCyeGe5_OEtK9_qauWfgpwOsA78", "created_at": "2021-01-18T10:33:21.177Z", "expires_at": "2021-02-17T10:33:21Z"}}, {"model": "token_blacklist.outstandingtoken", "pk": 30, "fields": {"user": 1, "jti": "9497bd9f1ff34d56a4b8f0c8eea82eed", "token": "eyJ0eXAiOiJKV1QiLCJhbGciOiJIUzI1NiJ9.eyJ0b2tlbl90eXBlIjoicmVmcmVzaCIsImV4cCI6MTYxMzU1ODAyNywianRpIjoiOTQ5N2JkOWYxZmYzNGQ1NmE0YjhmMGM4ZWVhODJlZWQiLCJ1c2VyX2lkIjoxfQ.el2zyYwfOKbsXmJNOQfczPKb3EKciVlYvK3Sl_suZHw", "created_at": "2021-01-18T10:33:47.785Z", "expires_at": "2021-02-17T10:33:47Z"}}, {"model": "token_blacklist.outstandingtoken", "pk": 31, "fields": {"user": null, "jti": "3be103f8ac8d48e68f0372f8cd435781", "token": "eyJ0eXAiOiJKV1QiLCJhbGciOiJIUzI1NiJ9.eyJ0b2tlbl90eXBlIjoicmVmcmVzaCIsImV4cCI6MTYxMzU1ODA4OCwianRpIjoiM2JlMTAzZjhhYzhkNDhlNjhmMDM3MmY4Y2Q0MzU3ODEiLCJ1c2VyX2lkIjoxfQ.Cig6l-SDArR7Y0iGLn8VtIn3Obm1awrp6Q0fWYdEVGY", "created_at": null, "expires_at": "2021-02-17T10:34:48Z"}}, {"model": "token_blacklist.outstandingtoken", "pk": 32, "fields": {"user": null, "jti": "fbc911f8c57640558c94277609c751d6", "token": "eyJ0eXAiOiJKV1QiLCJhbGciOiJIUzI1NiJ9.eyJ0b2tlbl90eXBlIjoicmVmcmVzaCIsImV4cCI6MTYxMzU1ODM5MCwianRpIjoiZmJjOTExZjhjNTc2NDA1NThjOTQyNzc2MDljNzUxZDYiLCJ1c2VyX2lkIjoxfQ.VBUNouQ4NL9NC_fc0AOLLY5-wuH1BWlzbpvP02frFzE", "created_at": null, "expires_at": "2021-02-17T10:39:50Z"}}, {"model": "token_blacklist.outstandingtoken", "pk": 33, "fields": {"user": null, "jti": "446492d577cf4311993e5253eaffc24b", "token": "eyJ0eXAiOiJKV1QiLCJhbGciOiJIUzI1NiJ9.eyJ0b2tlbl90eXBlIjoicmVmcmVzaCIsImV4cCI6MTYxMzU1ODUxNywianRpIjoiNDQ2NDkyZDU3N2NmNDMxMTk5M2U1MjUzZWFmZmMyNGIiLCJ1c2VyX2lkIjoxfQ.CKRn6ir1TTV4uGsE8XkOvoq-pPB4ss5dhtOKOrMONI8", "created_at": null, "expires_at": "2021-02-17T10:41:57Z"}}, {"model": "token_blacklist.outstandingtoken", "pk": 34, "fields": {"user": null, "jti": "178ed688088e48609a818eb77f1e978f", "token": "eyJ0eXAiOiJKV1QiLCJhbGciOiJIUzI1NiJ9.eyJ0b2tlbl90eXBlIjoicmVmcmVzaCIsImV4cCI6MTYxMzU1ODU4MiwianRpIjoiMTc4ZWQ2ODgwODhlNDg2MDlhODE4ZWI3N2YxZTk3OGYiLCJ1c2VyX2lkIjoxfQ.wTeQO2Wu7XTukdz03MJkpVFH3k7m9ikRBo7L7Y7YEpc", "created_at": null, "expires_at": "2021-02-17T10:43:02Z"}}, {"model": "token_blacklist.outstandingtoken", "pk": 35, "fields": {"user": null, "jti": "5055f545fce1483381f92677a0a31c45", "token": "eyJ0eXAiOiJKV1QiLCJhbGciOiJIUzI1NiJ9.eyJ0b2tlbl90eXBlIjoicmVmcmVzaCIsImV4cCI6MTYxMzU1ODkzMCwianRpIjoiNTA1NWY1NDVmY2UxNDgzMzgxZjkyNjc3YTBhMzFjNDUiLCJ1c2VyX2lkIjoxfQ.fW9QlE3Oo6bi6t9FXc7JaL13wdY5POf1HGxgNjJ_cnQ", "created_at": null, "expires_at": "2021-02-17T10:48:50Z"}}, {"model": "token_blacklist.outstandingtoken", "pk": 36, "fields": {"user": null, "jti": "67988bb0fca644dc91783bbc1d5adf9a", "token": "eyJ0eXAiOiJKV1QiLCJhbGciOiJIUzI1NiJ9.eyJ0b2tlbl90eXBlIjoicmVmcmVzaCIsImV4cCI6MTYxMzU1OTEzOSwianRpIjoiNjc5ODhiYjBmY2E2NDRkYzkxNzgzYmJjMWQ1YWRmOWEiLCJ1c2VyX2lkIjoxfQ.WTRQh5L4_xjuCldCwFC61SFS24LWUHOUYHtNeEERa4c", "created_at": null, "expires_at": "2021-02-17T10:52:19Z"}}, {"model": "token_blacklist.outstandingtoken", "pk": 37, "fields": {"user": 1, "jti": "46319885f9d74235a8b2a28bc87e12d5", "token": "eyJ0eXAiOiJKV1QiLCJhbGciOiJIUzI1NiJ9.eyJ0b2tlbl90eXBlIjoicmVmcmVzaCIsImV4cCI6MTYxMzU1OTUyMywianRpIjoiNDYzMTk4ODVmOWQ3NDIzNWE4YjJhMjhiYzg3ZTEyZDUiLCJ1c2VyX2lkIjoxfQ.Z-n4efA88ymoeMiP5EEsmHFsTQATtvMpcj9TnWFNdrA", "created_at": "2021-01-18T10:58:43.070Z", "expires_at": "2021-02-17T10:58:43Z"}}, {"model": "token_blacklist.outstandingtoken", "pk": 38, "fields": {"user": null, "jti": "86c8935ec5fa4673a3aa023017aca830", "token": "eyJ0eXAiOiJKV1QiLCJhbGciOiJIUzI1NiJ9.eyJ0b2tlbl90eXBlIjoicmVmcmVzaCIsImV4cCI6MTYxMzU1OTY3MCwianRpIjoiODZjODkzNWVjNWZhNDY3M2EzYWEwMjMwMTdhY2E4MzAiLCJ1c2VyX2lkIjoxfQ.OQiQyI2MyWCxb1vwhrvAVbK-SmGtj5LVM2QOnf06aco", "created_at": null, "expires_at": "2021-02-17T11:01:10Z"}}, {"model": "token_blacklist.outstandingtoken", "pk": 39, "fields": {"user": null, "jti": "1434862a010646699f6078713d94eea1", "token": "eyJ0eXAiOiJKV1QiLCJhbGciOiJIUzI1NiJ9.eyJ0b2tlbl90eXBlIjoicmVmcmVzaCIsImV4cCI6MTYxMzU1OTg3NiwianRpIjoiMTQzNDg2MmEwMTA2NDY2OTlmNjA3ODcxM2Q5NGVlYTEiLCJ1c2VyX2lkIjoxfQ.PcpP4BaWnqzVRfESJBHf9eoB__P7gSfBljP1_qGIzWs", "created_at": null, "expires_at": "2021-02-17T11:04:36Z"}}, {"model": "token_blacklist.outstandingtoken", "pk": 40, "fields": {"user": null, "jti": "2a6cb2b5742e452bb8d9dac0fc2d6dab", "token": "eyJ0eXAiOiJKV1QiLCJhbGciOiJIUzI1NiJ9.eyJ0b2tlbl90eXBlIjoicmVmcmVzaCIsImV4cCI6MTYxMzU1OTk5NSwianRpIjoiMmE2Y2IyYjU3NDJlNDUyYmI4ZDlkYWMwZmMyZDZkYWIiLCJ1c2VyX2lkIjoxfQ.mvipWvtYQyhVkUWA1mlJq4S8n4ewHScTURHkPm31kVc", "created_at": null, "expires_at": "2021-02-17T11:06:35Z"}}, {"model": "token_blacklist.outstandingtoken", "pk": 41, "fields": {"user": null, "jti": "3c75abfe26ad438a9d9eccdc4a9ae6a6", "token": "eyJ0eXAiOiJKV1QiLCJhbGciOiJIUzI1NiJ9.eyJ0b2tlbl90eXBlIjoicmVmcmVzaCIsImV4cCI6MTYxMzU2MDEyNSwianRpIjoiM2M3NWFiZmUyNmFkNDM4YTlkOWVjY2RjNGE5YWU2YTYiLCJ1c2VyX2lkIjoxfQ.Eo55fgz4HEiTKdnn9j2Tmk_iDhOqxCwZeZ9O7RiI6MA", "created_at": null, "expires_at": "2021-02-17T11:08:45Z"}}, {"model": "token_blacklist.outstandingtoken", "pk": 42, "fields": {"user": null, "jti": "8621e740bb43408a8deb27c36514cb97", "token": "eyJ0eXAiOiJKV1QiLCJhbGciOiJIUzI1NiJ9.eyJ0b2tlbl90eXBlIjoicmVmcmVzaCIsImV4cCI6MTYxMzU2MDIwOCwianRpIjoiODYyMWU3NDBiYjQzNDA4YThkZWIyN2MzNjUxNGNiOTciLCJ1c2VyX2lkIjoxfQ.ByOvVmGB6xmPzNgmGIMOxTOQ22KYhhSGppjJmX78-aI", "created_at": null, "expires_at": "2021-02-17T11:10:08Z"}}, {"model": "token_blacklist.outstandingtoken", "pk": 43, "fields": {"user": null, "jti": "fb3e76be4e384c7ebdfa12af8d879513", "token": "eyJ0eXAiOiJKV1QiLCJhbGciOiJIUzI1NiJ9.eyJ0b2tlbl90eXBlIjoicmVmcmVzaCIsImV4cCI6MTYxMzU2MDIwOCwianRpIjoiZmIzZTc2YmU0ZTM4NGM3ZWJkZmExMmFmOGQ4Nzk1MTMiLCJ1c2VyX2lkIjoxfQ.CsnNe3w7zFdDtBbpG0bSRnTkpUaTmPpv7_HBwMJYDwY", "created_at": null, "expires_at": "2021-02-17T11:10:08Z"}}, {"model": "token_blacklist.outstandingtoken", "pk": 44, "fields": {"user": null, "jti": "a7166b81cb954963800715025de84797", "token": "eyJ0eXAiOiJKV1QiLCJhbGciOiJIUzI1NiJ9.eyJ0b2tlbl90eXBlIjoicmVmcmVzaCIsImV4cCI6MTYxMzU2MDIwOSwianRpIjoiYTcxNjZiODFjYjk1NDk2MzgwMDcxNTAyNWRlODQ3OTciLCJ1c2VyX2lkIjoxfQ.4Iz7ehyPtya2GcbLfYAdjt_ZfgIXWpUFovUEjcFkfwQ", "created_at": null, "expires_at": "2021-02-17T11:10:09Z"}}, {"model": "token_blacklist.outstandingtoken", "pk": 45, "fields": {"user": null, "jti": "be07d763118b44dd9b1a6f36e0f6c628", "token": "eyJ0eXAiOiJKV1QiLCJhbGciOiJIUzI1NiJ9.eyJ0b2tlbl90eXBlIjoicmVmcmVzaCIsImV4cCI6MTYxMzU2MDIwOSwianRpIjoiYmUwN2Q3NjMxMThiNDRkZDliMWE2ZjM2ZTBmNmM2MjgiLCJ1c2VyX2lkIjoxfQ.XxkJFj1v5IfC-6CK0U1_dpwQRDL6JAp1WEde51TyNHA", "created_at": null, "expires_at": "2021-02-17T11:10:09Z"}}, {"model": "token_blacklist.outstandingtoken", "pk": 46, "fields": {"user": null, "jti": "5191ba12bb544820b8f161efe9e2d289", "token": "eyJ0eXAiOiJKV1QiLCJhbGciOiJIUzI1NiJ9.eyJ0b2tlbl90eXBlIjoicmVmcmVzaCIsImV4cCI6MTYxMzU2MDIwOSwianRpIjoiNTE5MWJhMTJiYjU0NDgyMGI4ZjE2MWVmZTllMmQyODkiLCJ1c2VyX2lkIjoxfQ.OE48ukSAAeRP4VOi8apcSpe6M__LIIF1vjYYh1xaCbE", "created_at": null, "expires_at": "2021-02-17T11:10:09Z"}}, {"model": "token_blacklist.outstandingtoken", "pk": 47, "fields": {"user": null, "jti": "e3698cb6101e4f79be6a01c295aec031", "token": "eyJ0eXAiOiJKV1QiLCJhbGciOiJIUzI1NiJ9.eyJ0b2tlbl90eXBlIjoicmVmcmVzaCIsImV4cCI6MTYxMzU2MDIwOSwianRpIjoiZTM2OThjYjYxMDFlNGY3OWJlNmEwMWMyOTVhZWMwMzEiLCJ1c2VyX2lkIjoxfQ.eHFAE5OAnW-vs1lmInouPLWodrt2Pl6jJOWLNw8rnDE", "created_at": null, "expires_at": "2021-02-17T11:10:09Z"}}, {"model": "token_blacklist.outstandingtoken", "pk": 48, "fields": {"user": null, "jti": "4db4750cfb17451a939c7607fa4af476", "token": "eyJ0eXAiOiJKV1QiLCJhbGciOiJIUzI1NiJ9.eyJ0b2tlbl90eXBlIjoicmVmcmVzaCIsImV4cCI6MTYxMzU2MDIwOSwianRpIjoiNGRiNDc1MGNmYjE3NDUxYTkzOWM3NjA3ZmE0YWY0NzYiLCJ1c2VyX2lkIjoxfQ.494QDVAwwVc_vo5VYWGxDVoVsoE-mcSuLfxyO80mcOE", "created_at": null, "expires_at": "2021-02-17T11:10:09Z"}}, {"model": "token_blacklist.outstandingtoken", "pk": 49, "fields": {"user": null, "jti": "8792d5275f5c439dba5c679ae9f571ed", "token": "eyJ0eXAiOiJKV1QiLCJhbGciOiJIUzI1NiJ9.eyJ0b2tlbl90eXBlIjoicmVmcmVzaCIsImV4cCI6MTYxMzU2MDIwOSwianRpIjoiODc5MmQ1Mjc1ZjVjNDM5ZGJhNWM2NzlhZTlmNTcxZWQiLCJ1c2VyX2lkIjoxfQ.mQBjDrjLfljHoPvJtLYKMAx9gseboHCQAnGiXq4Hm6w", "created_at": null, "expires_at": "2021-02-17T11:10:09Z"}}, {"model": "token_blacklist.outstandingtoken", "pk": 50, "fields": {"user": null, "jti": "f9fc8b7fe78b463696e9cb3c7e658861", "token": "eyJ0eXAiOiJKV1QiLCJhbGciOiJIUzI1NiJ9.eyJ0b2tlbl90eXBlIjoicmVmcmVzaCIsImV4cCI6MTYxMzU2MDIwOSwianRpIjoiZjlmYzhiN2ZlNzhiNDYzNjk2ZTljYjNjN2U2NTg4NjEiLCJ1c2VyX2lkIjoxfQ.VeC20FplTseYeBi175zjikD9j-0SgP6Dx4lmJdKUckY", "created_at": null, "expires_at": "2021-02-17T11:10:09Z"}}, {"model": "token_blacklist.outstandingtoken", "pk": 51, "fields": {"user": null, "jti": "c78332b6e1054bf0b8c94a2afbe5a267", "token": "eyJ0eXAiOiJKV1QiLCJhbGciOiJIUzI1NiJ9.eyJ0b2tlbl90eXBlIjoicmVmcmVzaCIsImV4cCI6MTYxMzU2MDIwOSwianRpIjoiYzc4MzMyYjZlMTA1NGJmMGI4Yzk0YTJhZmJlNWEyNjciLCJ1c2VyX2lkIjoxfQ.ZMZ0yn-EGLkbB9PoQ_KGZqb8e2BAedQmwMtgraYYOa8", "created_at": null, "expires_at": "2021-02-17T11:10:09Z"}}, {"model": "token_blacklist.outstandingtoken", "pk": 52, "fields": {"user": null, "jti": "c3338229ac5b45379b17f73fd4c2d679", "token": "eyJ0eXAiOiJKV1QiLCJhbGciOiJIUzI1NiJ9.eyJ0b2tlbl90eXBlIjoicmVmcmVzaCIsImV4cCI6MTYxMzU2MDIwOSwianRpIjoiYzMzMzgyMjlhYzViNDUzNzliMTdmNzNmZDRjMmQ2NzkiLCJ1c2VyX2lkIjoxfQ.QE4HQ_zRsN7CTN-R554wDxOv_kypM5GqHjnbYAwEL3I", "created_at": null, "expires_at": "2021-02-17T11:10:09Z"}}, {"model": "token_blacklist.outstandingtoken", "pk": 53, "fields": {"user": null, "jti": "0ef530acd32947e3b8b17e2f1589335c", "token": "eyJ0eXAiOiJKV1QiLCJhbGciOiJIUzI1NiJ9.eyJ0b2tlbl90eXBlIjoicmVmcmVzaCIsImV4cCI6MTYxMzU2MDIwOSwianRpIjoiMGVmNTMwYWNkMzI5NDdlM2I4YjE3ZTJmMTU4OTMzNWMiLCJ1c2VyX2lkIjoxfQ.gr5HemZ1VMn4oyLRxYjDLtGMikDM19upJENfnQttihU", "created_at": null, "expires_at": "2021-02-17T11:10:09Z"}}, {"model": "token_blacklist.outstandingtoken", "pk": 54, "fields": {"user": null, "jti": "df5ae8b7cf9b4d97b3b785661d909f95", "token": "eyJ0eXAiOiJKV1QiLCJhbGciOiJIUzI1NiJ9.eyJ0b2tlbl90eXBlIjoicmVmcmVzaCIsImV4cCI6MTYxMzU2MDIwOSwianRpIjoiZGY1YWU4YjdjZjliNGQ5N2IzYjc4NTY2MWQ5MDlmOTUiLCJ1c2VyX2lkIjoxfQ.Nn39KaTeUq0-WJyib25_UR7jpX8ZQeZS3nPnmv421GQ", "created_at": null, "expires_at": "2021-02-17T11:10:09Z"}}, {"model": "token_blacklist.outstandingtoken", "pk": 55, "fields": {"user": null, "jti": "6289e466650c4aaf855ea100f58534c9", "token": "eyJ0eXAiOiJKV1QiLCJhbGciOiJIUzI1NiJ9.eyJ0b2tlbl90eXBlIjoicmVmcmVzaCIsImV4cCI6MTYxMzU2MDIwOSwianRpIjoiNjI4OWU0NjY2NTBjNGFhZjg1NWVhMTAwZjU4NTM0YzkiLCJ1c2VyX2lkIjoxfQ.FOfVkSv6E_7CgVLpxv0dvcjHmr3kp0M80pM0A_IHJOw", "created_at": null, "expires_at": "2021-02-17T11:10:09Z"}}, {"model": "token_blacklist.outstandingtoken", "pk": 56, "fields": {"user": null, "jti": "56c1e42603bd4ccc85cc46e9d9c48490", "token": "eyJ0eXAiOiJKV1QiLCJhbGciOiJIUzI1NiJ9.eyJ0b2tlbl90eXBlIjoicmVmcmVzaCIsImV4cCI6MTYxMzU2MDIwOSwianRpIjoiNTZjMWU0MjYwM2JkNGNjYzg1Y2M0NmU5ZDljNDg0OTAiLCJ1c2VyX2lkIjoxfQ.RAH6QGGkVdh3Rf7X-VT4vSGo0SoefIfwLdWyxfG1oK0", "created_at": null, "expires_at": "2021-02-17T11:10:09Z"}}, {"model": "token_blacklist.outstandingtoken", "pk": 57, "fields": {"user": null, "jti": "6f449f0625d648e6856983f70f55e4cb", "token": "eyJ0eXAiOiJKV1QiLCJhbGciOiJIUzI1NiJ9.eyJ0b2tlbl90eXBlIjoicmVmcmVzaCIsImV4cCI6MTYxMzU2MDIwOSwianRpIjoiNmY0NDlmMDYyNWQ2NDhlNjg1Njk4M2Y3MGY1NWU0Y2IiLCJ1c2VyX2lkIjoxfQ.2tT7PhuDGDNNPvezLorJV1d_YuDXJg3gGJIl8XbQpeg", "created_at": null, "expires_at": "2021-02-17T11:10:09Z"}}, {"model": "token_blacklist.outstandingtoken", "pk": 58, "fields": {"user": null, "jti": "e52c6fbdc3db4d589ceb66d9f3743a19", "token": "eyJ0eXAiOiJKV1QiLCJhbGciOiJIUzI1NiJ9.eyJ0b2tlbl90eXBlIjoicmVmcmVzaCIsImV4cCI6MTYxMzU2MDIwOSwianRpIjoiZTUyYzZmYmRjM2RiNGQ1ODljZWI2NmQ5ZjM3NDNhMTkiLCJ1c2VyX2lkIjoxfQ.Ag4vK8n4-7yrImDnl_FuvXyR_krnhzfr3w8hGpsVcuk", "created_at": null, "expires_at": "2021-02-17T11:10:09Z"}}, {"model": "token_blacklist.outstandingtoken", "pk": 59, "fields": {"user": null, "jti": "8d479a6796cc44acbe359be41719b3ba", "token": "eyJ0eXAiOiJKV1QiLCJhbGciOiJIUzI1NiJ9.eyJ0b2tlbl90eXBlIjoicmVmcmVzaCIsImV4cCI6MTYxMzU2MDIwOSwianRpIjoiOGQ0NzlhNjc5NmNjNDRhY2JlMzU5YmU0MTcxOWIzYmEiLCJ1c2VyX2lkIjoxfQ.vYmPPfcou9wa4t93GyHX0I5hkCieCcvZXiGSN324M_4", "created_at": null, "expires_at": "2021-02-17T11:10:09Z"}}, {"model": "token_blacklist.outstandingtoken", "pk": 60, "fields": {"user": null, "jti": "c39771babbcb4fc3b03da13dbb948627", "token": "eyJ0eXAiOiJKV1QiLCJhbGciOiJIUzI1NiJ9.eyJ0b2tlbl90eXBlIjoicmVmcmVzaCIsImV4cCI6MTYxMzU2MDIxMCwianRpIjoiYzM5NzcxYmFiYmNiNGZjM2IwM2RhMTNkYmI5NDg2MjciLCJ1c2VyX2lkIjoxfQ.o-jWCo-gmVuFgRVpD19eNVAfBH_LDP-zO52xuReNlOE", "created_at": null, "expires_at": "2021-02-17T11:10:10Z"}}, {"model": "token_blacklist.outstandingtoken", "pk": 61, "fields": {"user": null, "jti": "73f99b5906ad4d3eb4a3f51faf1b55d8", "token": "eyJ0eXAiOiJKV1QiLCJhbGciOiJIUzI1NiJ9.eyJ0b2tlbl90eXBlIjoicmVmcmVzaCIsImV4cCI6MTYxMzU2MDIxMCwianRpIjoiNzNmOTliNTkwNmFkNGQzZWI0YTNmNTFmYWYxYjU1ZDgiLCJ1c2VyX2lkIjoxfQ.saidUIAvsmplz4AdsnlSq8AKWc7b6fwCr6A_FtL7qP8", "created_at": null, "expires_at": "2021-02-17T11:10:10Z"}}, {"model": "token_blacklist.outstandingtoken", "pk": 62, "fields": {"user": null, "jti": "628b67934ffe4d5d9d64cbec3cd39d17", "token": "eyJ0eXAiOiJKV1QiLCJhbGciOiJIUzI1NiJ9.eyJ0b2tlbl90eXBlIjoicmVmcmVzaCIsImV4cCI6MTYxMzU2MDIxMCwianRpIjoiNjI4YjY3OTM0ZmZlNGQ1ZDlkNjRjYmVjM2NkMzlkMTciLCJ1c2VyX2lkIjoxfQ.7zhxyKuMxxPmZeXt5FAjIkruhQP_hTRiT7C_y2w4W3g", "created_at": null, "expires_at": "2021-02-17T11:10:10Z"}}, {"model": "token_blacklist.outstandingtoken", "pk": 63, "fields": {"user": null, "jti": "b1ea504079ad4a79822bfb771e8e232f", "token": "eyJ0eXAiOiJKV1QiLCJhbGciOiJIUzI1NiJ9.eyJ0b2tlbl90eXBlIjoicmVmcmVzaCIsImV4cCI6MTYxMzU2MDIxMCwianRpIjoiYjFlYTUwNDA3OWFkNGE3OTgyMmJmYjc3MWU4ZTIzMmYiLCJ1c2VyX2lkIjoxfQ.pmbeaf1ZWE6AUiynoSQHXfwarNMeCuLSQFdalOI6kiM", "created_at": null, "expires_at": "2021-02-17T11:10:10Z"}}, {"model": "token_blacklist.outstandingtoken", "pk": 64, "fields": {"user": null, "jti": "f9911ce922334c74902f277de49fb7d1", "token": "eyJ0eXAiOiJKV1QiLCJhbGciOiJIUzI1NiJ9.eyJ0b2tlbl90eXBlIjoicmVmcmVzaCIsImV4cCI6MTYxMzU2MDIxMCwianRpIjoiZjk5MTFjZTkyMjMzNGM3NDkwMmYyNzdkZTQ5ZmI3ZDEiLCJ1c2VyX2lkIjoxfQ.YAk6tJwV6tfp1SZqhXGTJ9LPDWU9_SY3W3ZQBhjMkYc", "created_at": null, "expires_at": "2021-02-17T11:10:10Z"}}, {"model": "token_blacklist.outstandingtoken", "pk": 65, "fields": {"user": null, "jti": "c70e0f175b08485385f2b6229ba8f6d3", "token": "eyJ0eXAiOiJKV1QiLCJhbGciOiJIUzI1NiJ9.eyJ0b2tlbl90eXBlIjoicmVmcmVzaCIsImV4cCI6MTYxMzU2MDIxMCwianRpIjoiYzcwZTBmMTc1YjA4NDg1Mzg1ZjJiNjIyOWJhOGY2ZDMiLCJ1c2VyX2lkIjoxfQ.3gud6jiqRifE_d9M4TMTEnYRhTqOS9zKwt5UPBxlygc", "created_at": null, "expires_at": "2021-02-17T11:10:10Z"}}, {"model": "token_blacklist.outstandingtoken", "pk": 66, "fields": {"user": null, "jti": "472bc1acfa094867ae204bf3968ab4d0", "token": "eyJ0eXAiOiJKV1QiLCJhbGciOiJIUzI1NiJ9.eyJ0b2tlbl90eXBlIjoicmVmcmVzaCIsImV4cCI6MTYxMzU2MDIxMCwianRpIjoiNDcyYmMxYWNmYTA5NDg2N2FlMjA0YmYzOTY4YWI0ZDAiLCJ1c2VyX2lkIjoxfQ.TIyPPtSZiEw0dtI9ZGWU04qiOO9EyhyJ7Ue_KcLc5TU", "created_at": null, "expires_at": "2021-02-17T11:10:10Z"}}, {"model": "token_blacklist.outstandingtoken", "pk": 67, "fields": {"user": null, "jti": "bf4ea9e327744231b1f612d0548733c3", "token": "eyJ0eXAiOiJKV1QiLCJhbGciOiJIUzI1NiJ9.eyJ0b2tlbl90eXBlIjoicmVmcmVzaCIsImV4cCI6MTYxMzU2MDIxMCwianRpIjoiYmY0ZWE5ZTMyNzc0NDIzMWIxZjYxMmQwNTQ4NzMzYzMiLCJ1c2VyX2lkIjoxfQ.LSnSZd-DdlxZNqADMOVbfLxIwkJJpspmkkbLF7YGE9s", "created_at": null, "expires_at": "2021-02-17T11:10:10Z"}}, {"model": "token_blacklist.outstandingtoken", "pk": 68, "fields": {"user": null, "jti": "98fa93b2ab0441f7b8d5b4974388026e", "token": "eyJ0eXAiOiJKV1QiLCJhbGciOiJIUzI1NiJ9.eyJ0b2tlbl90eXBlIjoicmVmcmVzaCIsImV4cCI6MTYxMzU2MDIxMCwianRpIjoiOThmYTkzYjJhYjA0NDFmN2I4ZDViNDk3NDM4ODAyNmUiLCJ1c2VyX2lkIjoxfQ.Tm88DL4TVI9lZceAFWNldmpE5h3kVcZoAC_6nL1r6Wo", "created_at": null, "expires_at": "2021-02-17T11:10:10Z"}}, {"model": "token_blacklist.outstandingtoken", "pk": 69, "fields": {"user": null, "jti": "bc81d5f3eb1a45ed8dc85b97f0ffeaee", "token": "eyJ0eXAiOiJKV1QiLCJhbGciOiJIUzI1NiJ9.eyJ0b2tlbl90eXBlIjoicmVmcmVzaCIsImV4cCI6MTYxMzU2MDIxMCwianRpIjoiYmM4MWQ1ZjNlYjFhNDVlZDhkYzg1Yjk3ZjBmZmVhZWUiLCJ1c2VyX2lkIjoxfQ.0OeRkns6GgUoPy8_fBg9BEmGG1T6g4Fo_oV-xIi0eLg", "created_at": null, "expires_at": "2021-02-17T11:10:10Z"}}, {"model": "token_blacklist.outstandingtoken", "pk": 70, "fields": {"user": null, "jti": "83de1896bfcf4bc4a73ab7ddcaebe037", "token": "eyJ0eXAiOiJKV1QiLCJhbGciOiJIUzI1NiJ9.eyJ0b2tlbl90eXBlIjoicmVmcmVzaCIsImV4cCI6MTYxMzU2MDIxMCwianRpIjoiODNkZTE4OTZiZmNmNGJjNGE3M2FiN2RkY2FlYmUwMzciLCJ1c2VyX2lkIjoxfQ.OrGVhl7qney3uh7HpaSXywxnYasxrrvWdwlQf46iOlQ", "created_at": null, "expires_at": "2021-02-17T11:10:10Z"}}, {"model": "token_blacklist.outstandingtoken", "pk": 71, "fields": {"user": null, "jti": "377a1602355043028c80ca81ba74b672", "token": "eyJ0eXAiOiJKV1QiLCJhbGciOiJIUzI1NiJ9.eyJ0b2tlbl90eXBlIjoicmVmcmVzaCIsImV4cCI6MTYxMzU2MDIxMCwianRpIjoiMzc3YTE2MDIzNTUwNDMwMjhjODBjYTgxYmE3NGI2NzIiLCJ1c2VyX2lkIjoxfQ.bETtY0XS9nzmk9OhEAW3PtO-nbquSSTA5TEzd4b0Edo", "created_at": null, "expires_at": "2021-02-17T11:10:10Z"}}, {"model": "token_blacklist.outstandingtoken", "pk": 72, "fields": {"user": null, "jti": "693a47e5f0a9427e9241b0914d53284a", "token": "eyJ0eXAiOiJKV1QiLCJhbGciOiJIUzI1NiJ9.eyJ0b2tlbl90eXBlIjoicmVmcmVzaCIsImV4cCI6MTYxMzU2MDIxMCwianRpIjoiNjkzYTQ3ZTVmMGE5NDI3ZTkyNDFiMDkxNGQ1MzI4NGEiLCJ1c2VyX2lkIjoxfQ.zPpNsawlEY4NrdfcvyoYMvZTrtcXjXQoRofUtKaFZEs", "created_at": null, "expires_at": "2021-02-17T11:10:10Z"}}, {"model": "token_blacklist.outstandingtoken", "pk": 73, "fields": {"user": null, "jti": "1a01531931084f3aaf040336af2134b3", "token": "eyJ0eXAiOiJKV1QiLCJhbGciOiJIUzI1NiJ9.eyJ0b2tlbl90eXBlIjoicmVmcmVzaCIsImV4cCI6MTYxMzU2MDIxMCwianRpIjoiMWEwMTUzMTkzMTA4NGYzYWFmMDQwMzM2YWYyMTM0YjMiLCJ1c2VyX2lkIjoxfQ.I9QHP-6S7y3nYeLXpW2Ku-tD4-Usbtk5Kx9vNZx4brQ", "created_at": null, "expires_at": "2021-02-17T11:10:10Z"}}, {"model": "token_blacklist.outstandingtoken", "pk": 74, "fields": {"user": null, "jti": "bfceee146fe84c67985bcd3bff59c7a3", "token": "eyJ0eXAiOiJKV1QiLCJhbGciOiJIUzI1NiJ9.eyJ0b2tlbl90eXBlIjoicmVmcmVzaCIsImV4cCI6MTYxMzU2MDIxMSwianRpIjoiYmZjZWVlMTQ2ZmU4NGM2Nzk4NWJjZDNiZmY1OWM3YTMiLCJ1c2VyX2lkIjoxfQ.M-2yb1P-NmlWrMYWAar32oLGH-JS9zPZyDk-VIRe_Ic", "created_at": null, "expires_at": "2021-02-17T11:10:11Z"}}, {"model": "token_blacklist.outstandingtoken", "pk": 75, "fields": {"user": null, "jti": "b118312f076e4ffca5d55803b69c5166", "token": "eyJ0eXAiOiJKV1QiLCJhbGciOiJIUzI1NiJ9.eyJ0b2tlbl90eXBlIjoicmVmcmVzaCIsImV4cCI6MTYxMzU2MDIxMSwianRpIjoiYjExODMxMmYwNzZlNGZmY2E1ZDU1ODAzYjY5YzUxNjYiLCJ1c2VyX2lkIjoxfQ.QPFf-o8O9tXTXder6CXKda2lkWWQ1FWvs7L6QIAhk2M", "created_at": null, "expires_at": "2021-02-17T11:10:11Z"}}, {"model": "token_blacklist.outstandingtoken", "pk": 76, "fields": {"user": null, "jti": "6ed2d3b3b0f541d8ae5b11ba216e5451", "token": "eyJ0eXAiOiJKV1QiLCJhbGciOiJIUzI1NiJ9.eyJ0b2tlbl90eXBlIjoicmVmcmVzaCIsImV4cCI6MTYxMzU2MDIxMSwianRpIjoiNmVkMmQzYjNiMGY1NDFkOGFlNWIxMWJhMjE2ZTU0NTEiLCJ1c2VyX2lkIjoxfQ.NAi7ppISAg1Brti9i1P0vo0skZWgNQoSbfnox5uZhTk", "created_at": null, "expires_at": "2021-02-17T11:10:11Z"}}, {"model": "token_blacklist.outstandingtoken", "pk": 77, "fields": {"user": null, "jti": "aaa308fd9a1a4a08b1e3186f504d62b8", "token": "eyJ0eXAiOiJKV1QiLCJhbGciOiJIUzI1NiJ9.eyJ0b2tlbl90eXBlIjoicmVmcmVzaCIsImV4cCI6MTYxMzU2MDIxMSwianRpIjoiYWFhMzA4ZmQ5YTFhNGEwOGIxZTMxODZmNTA0ZDYyYjgiLCJ1c2VyX2lkIjoxfQ.ORm_NEyfZxCz8BJV8HT87l7QsI4dj-1nYX9S_51DEIY", "created_at": null, "expires_at": "2021-02-17T11:10:11Z"}}, {"model": "token_blacklist.outstandingtoken", "pk": 78, "fields": {"user": null, "jti": "e061d957cf874673bf49852d84a2cfd9", "token": "eyJ0eXAiOiJKV1QiLCJhbGciOiJIUzI1NiJ9.eyJ0b2tlbl90eXBlIjoicmVmcmVzaCIsImV4cCI6MTYxMzU2MDIxMSwianRpIjoiZTA2MWQ5NTdjZjg3NDY3M2JmNDk4NTJkODRhMmNmZDkiLCJ1c2VyX2lkIjoxfQ.8ZEz-HdtBDVPi53BIc7Wlu70UkY9HBHnh6RbgQF-Rxc", "created_at": null, "expires_at": "2021-02-17T11:10:11Z"}}, {"model": "token_blacklist.outstandingtoken", "pk": 79, "fields": {"user": null, "jti": "bc0ed311de374122b0b5082f11c16651", "token": "eyJ0eXAiOiJKV1QiLCJhbGciOiJIUzI1NiJ9.eyJ0b2tlbl90eXBlIjoicmVmcmVzaCIsImV4cCI6MTYxMzU2MDIxMSwianRpIjoiYmMwZWQzMTFkZTM3NDEyMmIwYjUwODJmMTFjMTY2NTEiLCJ1c2VyX2lkIjoxfQ.lJ19nxfpQ9TkKTmA7CvL8YV_b9ir9CBs47sV-uPbRAo", "created_at": null, "expires_at": "2021-02-17T11:10:11Z"}}, {"model": "token_blacklist.outstandingtoken", "pk": 80, "fields": {"user": null, "jti": "c0d7cd3aa4ff4b52be408e6db4fd6cce", "token": "eyJ0eXAiOiJKV1QiLCJhbGciOiJIUzI1NiJ9.eyJ0b2tlbl90eXBlIjoicmVmcmVzaCIsImV4cCI6MTYxMzU2MDIxMSwianRpIjoiYzBkN2NkM2FhNGZmNGI1MmJlNDA4ZTZkYjRmZDZjY2UiLCJ1c2VyX2lkIjoxfQ.IjyziVxBZhRRIdaQTmz4QSX63LIznEgxAmf7A8Yupv8", "created_at": null, "expires_at": "2021-02-17T11:10:11Z"}}, {"model": "token_blacklist.outstandingtoken", "pk": 81, "fields": {"user": null, "jti": "4786d35c03d64ddbb32af3be6a9f6301", "token": "eyJ0eXAiOiJKV1QiLCJhbGciOiJIUzI1NiJ9.eyJ0b2tlbl90eXBlIjoicmVmcmVzaCIsImV4cCI6MTYxMzU2MDIxMSwianRpIjoiNDc4NmQzNWMwM2Q2NGRkYmIzMmFmM2JlNmE5ZjYzMDEiLCJ1c2VyX2lkIjoxfQ.zGS2xUE-UDzMQnYCXD70dN6OCNvumRs9CaQjUoiHPKg", "created_at": null, "expires_at": "2021-02-17T11:10:11Z"}}, {"model": "token_blacklist.outstandingtoken", "pk": 82, "fields": {"user": null, "jti": "5150c4b15d504059910480ce54d793dd", "token": "eyJ0eXAiOiJKV1QiLCJhbGciOiJIUzI1NiJ9.eyJ0b2tlbl90eXBlIjoicmVmcmVzaCIsImV4cCI6MTYxMzU2MDIxMSwianRpIjoiNTE1MGM0YjE1ZDUwNDA1OTkxMDQ4MGNlNTRkNzkzZGQiLCJ1c2VyX2lkIjoxfQ.QIJmeY_WmAcr_Sx6x6CDYkrALDUU-snTHzV7EsU8ItE", "created_at": null, "expires_at": "2021-02-17T11:10:11Z"}}, {"model": "token_blacklist.outstandingtoken", "pk": 83, "fields": {"user": null, "jti": "83234ea69bb14f14bbf697b89be1a57c", "token": "eyJ0eXAiOiJKV1QiLCJhbGciOiJIUzI1NiJ9.eyJ0b2tlbl90eXBlIjoicmVmcmVzaCIsImV4cCI6MTYxMzU2MDIxMSwianRpIjoiODMyMzRlYTY5YmIxNGYxNGJiZjY5N2I4OWJlMWE1N2MiLCJ1c2VyX2lkIjoxfQ.Kh2ANhr2VsyiXRNZw_KEqbB9-086RoX_bPAiTDpiwf4", "created_at": null, "expires_at": "2021-02-17T11:10:11Z"}}, {"model": "token_blacklist.outstandingtoken", "pk": 84, "fields": {"user": null, "jti": "9f393ec222574e5db6e4f400de234585", "token": "eyJ0eXAiOiJKV1QiLCJhbGciOiJIUzI1NiJ9.eyJ0b2tlbl90eXBlIjoicmVmcmVzaCIsImV4cCI6MTYxMzU2MDIxMSwianRpIjoiOWYzOTNlYzIyMjU3NGU1ZGI2ZTRmNDAwZGUyMzQ1ODUiLCJ1c2VyX2lkIjoxfQ.dSm6aQzmBTAJrYyq2uMo4dySP4j_5-cX3JvKDwUHpPs", "created_at": null, "expires_at": "2021-02-17T11:10:11Z"}}, {"model": "token_blacklist.outstandingtoken", "pk": 85, "fields": {"user": null, "jti": "1ffd61a16be845e1ad8cbe0e3e293b1f", "token": "eyJ0eXAiOiJKV1QiLCJhbGciOiJIUzI1NiJ9.eyJ0b2tlbl90eXBlIjoicmVmcmVzaCIsImV4cCI6MTYxMzU2MDIxMSwianRpIjoiMWZmZDYxYTE2YmU4NDVlMWFkOGNiZTBlM2UyOTNiMWYiLCJ1c2VyX2lkIjoxfQ.8Dqp2LvgzAe-2Se-MUMRpj3afw3Crway-PYiNQgzk4k", "created_at": null, "expires_at": "2021-02-17T11:10:11Z"}}, {"model": "token_blacklist.outstandingtoken", "pk": 86, "fields": {"user": null, "jti": "057974b3292b45f1bb7ee55e448e2222", "token": "eyJ0eXAiOiJKV1QiLCJhbGciOiJIUzI1NiJ9.eyJ0b2tlbl90eXBlIjoicmVmcmVzaCIsImV4cCI6MTYxMzU2MDIxMSwianRpIjoiMDU3OTc0YjMyOTJiNDVmMWJiN2VlNTVlNDQ4ZTIyMjIiLCJ1c2VyX2lkIjoxfQ.0suQIecmuO9iHe1fBy7lFS6F1hNzfbuTP-X37MO0yS0", "created_at": null, "expires_at": "2021-02-17T11:10:11Z"}}, {"model": "token_blacklist.outstandingtoken", "pk": 87, "fields": {"user": null, "jti": "127b005a58aa46a6b32bd121e10c3368", "token": "eyJ0eXAiOiJKV1QiLCJhbGciOiJIUzI1NiJ9.eyJ0b2tlbl90eXBlIjoicmVmcmVzaCIsImV4cCI6MTYxMzU2MDIxMSwianRpIjoiMTI3YjAwNWE1OGFhNDZhNmIzMmJkMTIxZTEwYzMzNjgiLCJ1c2VyX2lkIjoxfQ.jYYLOm3IU5Yju0mbf9F3UkFzWyY7TAy55hITgwOPxnM", "created_at": null, "expires_at": "2021-02-17T11:10:11Z"}}, {"model": "token_blacklist.outstandingtoken", "pk": 88, "fields": {"user": null, "jti": "cec1d975d15a442eb8687998abcaf827", "token": "eyJ0eXAiOiJKV1QiLCJhbGciOiJIUzI1NiJ9.eyJ0b2tlbl90eXBlIjoicmVmcmVzaCIsImV4cCI6MTYxMzU2MDIxMSwianRpIjoiY2VjMWQ5NzVkMTVhNDQyZWI4Njg3OTk4YWJjYWY4MjciLCJ1c2VyX2lkIjoxfQ.n515i-i-zpOHoLWdrtLh7mvLdtmXuBzWP5daiSOMWhw", "created_at": null, "expires_at": "2021-02-17T11:10:11Z"}}, {"model": "token_blacklist.outstandingtoken", "pk": 89, "fields": {"user": null, "jti": "d42c34cea2534000a5c991552eea5f08", "token": "eyJ0eXAiOiJKV1QiLCJhbGciOiJIUzI1NiJ9.eyJ0b2tlbl90eXBlIjoicmVmcmVzaCIsImV4cCI6MTYxMzU2MDIxMSwianRpIjoiZDQyYzM0Y2VhMjUzNDAwMGE1Yzk5MTU1MmVlYTVmMDgiLCJ1c2VyX2lkIjoxfQ.wW_3ynBd2Iv0SfnvSOGVU-3zMBUIF2Qplt7wWbOfh6A", "created_at": null, "expires_at": "2021-02-17T11:10:11Z"}}, {"model": "token_blacklist.outstandingtoken", "pk": 90, "fields": {"user": null, "jti": "dc0d4e8fab4e4e108f8d4f2c6854dac9", "token": "eyJ0eXAiOiJKV1QiLCJhbGciOiJIUzI1NiJ9.eyJ0b2tlbl90eXBlIjoicmVmcmVzaCIsImV4cCI6MTYxMzU2MDIxMSwianRpIjoiZGMwZDRlOGZhYjRlNGUxMDhmOGQ0ZjJjNjg1NGRhYzkiLCJ1c2VyX2lkIjoxfQ.8UeBAOpcY8ATVl4lJtnUaTWRJQJ_a3VHYU6s53Ntyy4", "created_at": null, "expires_at": "2021-02-17T11:10:11Z"}}, {"model": "token_blacklist.outstandingtoken", "pk": 91, "fields": {"user": null, "jti": "34f38a07502341fa9e101541d853eb8f", "token": "eyJ0eXAiOiJKV1QiLCJhbGciOiJIUzI1NiJ9.eyJ0b2tlbl90eXBlIjoicmVmcmVzaCIsImV4cCI6MTYxMzU2MDIxMiwianRpIjoiMzRmMzhhMDc1MDIzNDFmYTllMTAxNTQxZDg1M2ViOGYiLCJ1c2VyX2lkIjoxfQ.NiOX53CmLDBg3XUWMIRg1GdFIDaxC0bDyr-0dwqJUNw", "created_at": null, "expires_at": "2021-02-17T11:10:12Z"}}, {"model": "token_blacklist.outstandingtoken", "pk": 92, "fields": {"user": null, "jti": "38dbd48904a0402586bdf5026b024a39", "token": "eyJ0eXAiOiJKV1QiLCJhbGciOiJIUzI1NiJ9.eyJ0b2tlbl90eXBlIjoicmVmcmVzaCIsImV4cCI6MTYxMzU2MDIxMiwianRpIjoiMzhkYmQ0ODkwNGEwNDAyNTg2YmRmNTAyNmIwMjRhMzkiLCJ1c2VyX2lkIjoxfQ.fYi-c-k2D3pXgmYfJ5_UOVx-Eb_NL0aFEr15NjByJNg", "created_at": null, "expires_at": "2021-02-17T11:10:12Z"}}, {"model": "token_blacklist.outstandingtoken", "pk": 93, "fields": {"user": null, "jti": "0de0f113f6674beb9a98c23523333c25", "token": "eyJ0eXAiOiJKV1QiLCJhbGciOiJIUzI1NiJ9.eyJ0b2tlbl90eXBlIjoicmVmcmVzaCIsImV4cCI6MTYxMzU2MDIxMiwianRpIjoiMGRlMGYxMTNmNjY3NGJlYjlhOThjMjM1MjMzMzNjMjUiLCJ1c2VyX2lkIjoxfQ.hBvvgsh1_NquH8tn_Yuo-nxzBoRkPYEJ398ENcpsFSg", "created_at": null, "expires_at": "2021-02-17T11:10:12Z"}}, {"model": "token_blacklist.outstandingtoken", "pk": 94, "fields": {"user": null, "jti": "368386f4e6b248b48720a4fac1fc5c14", "token": "eyJ0eXAiOiJKV1QiLCJhbGciOiJIUzI1NiJ9.eyJ0b2tlbl90eXBlIjoicmVmcmVzaCIsImV4cCI6MTYxMzU2MDIxMiwianRpIjoiMzY4Mzg2ZjRlNmIyNDhiNDg3MjBhNGZhYzFmYzVjMTQiLCJ1c2VyX2lkIjoxfQ.dz7BRzCFOuDXNi72S0UoCEkVQl-4n38lB3qQWfft4T4", "created_at": null, "expires_at": "2021-02-17T11:10:12Z"}}, {"model": "token_blacklist.outstandingtoken", "pk": 95, "fields": {"user": null, "jti": "28de2f32c8e8450bbae210d233294683", "token": "eyJ0eXAiOiJKV1QiLCJhbGciOiJIUzI1NiJ9.eyJ0b2tlbl90eXBlIjoicmVmcmVzaCIsImV4cCI6MTYxMzU2MDIxMiwianRpIjoiMjhkZTJmMzJjOGU4NDUwYmJhZTIxMGQyMzMyOTQ2ODMiLCJ1c2VyX2lkIjoxfQ.3YMkNFoJL-fMmnbGTI0oTHxKTdnVJgXgA4_isQ7d9KM", "created_at": null, "expires_at": "2021-02-17T11:10:12Z"}}, {"model": "token_blacklist.outstandingtoken", "pk": 96, "fields": {"user": null, "jti": "425d990598344aaf9399c071d20e5093", "token": "eyJ0eXAiOiJKV1QiLCJhbGciOiJIUzI1NiJ9.eyJ0b2tlbl90eXBlIjoicmVmcmVzaCIsImV4cCI6MTYxMzU2MDIxMiwianRpIjoiNDI1ZDk5MDU5ODM0NGFhZjkzOTljMDcxZDIwZTUwOTMiLCJ1c2VyX2lkIjoxfQ.eNtzMTEo1ylN5_ltoG4TBMYtGBkDyhftcKZRtkCfddE", "created_at": null, "expires_at": "2021-02-17T11:10:12Z"}}, {"model": "token_blacklist.outstandingtoken", "pk": 97, "fields": {"user": null, "jti": "0460d243c8e6474a8c8ffd0b519a6236", "token": "eyJ0eXAiOiJKV1QiLCJhbGciOiJIUzI1NiJ9.eyJ0b2tlbl90eXBlIjoicmVmcmVzaCIsImV4cCI6MTYxMzU2MDIxMiwianRpIjoiMDQ2MGQyNDNjOGU2NDc0YThjOGZmZDBiNTE5YTYyMzYiLCJ1c2VyX2lkIjoxfQ.u10Dhwf9JLh_3e97PHML51zTYpO9Uvmv7t8Qx2KVO-A", "created_at": null, "expires_at": "2021-02-17T11:10:12Z"}}, {"model": "token_blacklist.outstandingtoken", "pk": 98, "fields": {"user": null, "jti": "4a2c4ca4cb3c41cc9ae883e128ef99e0", "token": "eyJ0eXAiOiJKV1QiLCJhbGciOiJIUzI1NiJ9.eyJ0b2tlbl90eXBlIjoicmVmcmVzaCIsImV4cCI6MTYxMzU2MDIxMiwianRpIjoiNGEyYzRjYTRjYjNjNDFjYzlhZTg4M2UxMjhlZjk5ZTAiLCJ1c2VyX2lkIjoxfQ.cQ76I1bois6TwS1Z9IpCBfzC87dlRv_K1Vlb6dU8zsk", "created_at": null, "expires_at": "2021-02-17T11:10:12Z"}}, {"model": "token_blacklist.outstandingtoken", "pk": 99, "fields": {"user": null, "jti": "90ac36ff47bb48ef8e606d14063d2c1a", "token": "eyJ0eXAiOiJKV1QiLCJhbGciOiJIUzI1NiJ9.eyJ0b2tlbl90eXBlIjoicmVmcmVzaCIsImV4cCI6MTYxMzU2MDIxMiwianRpIjoiOTBhYzM2ZmY0N2JiNDhlZjhlNjA2ZDE0MDYzZDJjMWEiLCJ1c2VyX2lkIjoxfQ.if4BwIjik_HgwfNT7OMzZHsX3yjaM5OrIr6rPtUwO24", "created_at": null, "expires_at": "2021-02-17T11:10:12Z"}}, {"model": "token_blacklist.outstandingtoken", "pk": 100, "fields": {"user": null, "jti": "c5a3bc50462e4c97acf454f642859109", "token": "eyJ0eXAiOiJKV1QiLCJhbGciOiJIUzI1NiJ9.eyJ0b2tlbl90eXBlIjoicmVmcmVzaCIsImV4cCI6MTYxMzU2MDIxMiwianRpIjoiYzVhM2JjNTA0NjJlNGM5N2FjZjQ1NGY2NDI4NTkxMDkiLCJ1c2VyX2lkIjoxfQ.m2q0Ga_kY5S7NbT_VwoflkMFyQ3EHu4iLYepED5tecE", "created_at": null, "expires_at": "2021-02-17T11:10:12Z"}}, {"model": "token_blacklist.outstandingtoken", "pk": 101, "fields": {"user": null, "jti": "e0b21d7501a84edbbbe2b596da9b8c2a", "token": "eyJ0eXAiOiJKV1QiLCJhbGciOiJIUzI1NiJ9.eyJ0b2tlbl90eXBlIjoicmVmcmVzaCIsImV4cCI6MTYxMzU2MDIxMiwianRpIjoiZTBiMjFkNzUwMWE4NGVkYmJiZTJiNTk2ZGE5YjhjMmEiLCJ1c2VyX2lkIjoxfQ.TXlkWzLk-H3h0RgjMDiJoxpi4SnpKifEMuBZ-3VnOKg", "created_at": null, "expires_at": "2021-02-17T11:10:12Z"}}, {"model": "token_blacklist.outstandingtoken", "pk": 102, "fields": {"user": null, "jti": "c7e6022671bc4c9e9b4d0831617e5784", "token": "eyJ0eXAiOiJKV1QiLCJhbGciOiJIUzI1NiJ9.eyJ0b2tlbl90eXBlIjoicmVmcmVzaCIsImV4cCI6MTYxMzU2MDIxMiwianRpIjoiYzdlNjAyMjY3MWJjNGM5ZTliNGQwODMxNjE3ZTU3ODQiLCJ1c2VyX2lkIjoxfQ.E4nAB6ByGND1I5edfe0-k1scnLvetl7Lv60tCc5LL9E", "created_at": null, "expires_at": "2021-02-17T11:10:12Z"}}, {"model": "token_blacklist.outstandingtoken", "pk": 103, "fields": {"user": null, "jti": "af772eed5f7f48f8885fa38e1316564a", "token": "eyJ0eXAiOiJKV1QiLCJhbGciOiJIUzI1NiJ9.eyJ0b2tlbl90eXBlIjoicmVmcmVzaCIsImV4cCI6MTYxMzU2MDIxMiwianRpIjoiYWY3NzJlZWQ1ZjdmNDhmODg4NWZhMzhlMTMxNjU2NGEiLCJ1c2VyX2lkIjoxfQ.wOXb5wmh92CfRClCdq9SejSEt152OnZ--Kaqr4-tL3o", "created_at": null, "expires_at": "2021-02-17T11:10:12Z"}}, {"model": "token_blacklist.outstandingtoken", "pk": 104, "fields": {"user": null, "jti": "b5910238f44d4cdab8d0163db464a4a2", "token": "eyJ0eXAiOiJKV1QiLCJhbGciOiJIUzI1NiJ9.eyJ0b2tlbl90eXBlIjoicmVmcmVzaCIsImV4cCI6MTYxMzU2MDIxMiwianRpIjoiYjU5MTAyMzhmNDRkNGNkYWI4ZDAxNjNkYjQ2NGE0YTIiLCJ1c2VyX2lkIjoxfQ.BcI9RBNWRn4HOdJUNoGGmBgvnL6jC-GAXs8zO8XsOQU", "created_at": null, "expires_at": "2021-02-17T11:10:12Z"}}, {"model": "token_blacklist.outstandingtoken", "pk": 105, "fields": {"user": null, "jti": "318a4f7857344ddab4ea967d072c2f3f", "token": "eyJ0eXAiOiJKV1QiLCJhbGciOiJIUzI1NiJ9.eyJ0b2tlbl90eXBlIjoicmVmcmVzaCIsImV4cCI6MTYxMzU2MDIxMywianRpIjoiMzE4YTRmNzg1NzM0NGRkYWI0ZWE5NjdkMDcyYzJmM2YiLCJ1c2VyX2lkIjoxfQ.LlRbx87w4lrT5pgM8zDQPcpITZkJP7iOZIlk0QSCM_A", "created_at": null, "expires_at": "2021-02-17T11:10:13Z"}}, {"model": "token_blacklist.outstandingtoken", "pk": 106, "fields": {"user": null, "jti": "538e5e63fa6d445087103004e60d1c3e", "token": "eyJ0eXAiOiJKV1QiLCJhbGciOiJIUzI1NiJ9.eyJ0b2tlbl90eXBlIjoicmVmcmVzaCIsImV4cCI6MTYxMzU2MDIxMywianRpIjoiNTM4ZTVlNjNmYTZkNDQ1MDg3MTAzMDA0ZTYwZDFjM2UiLCJ1c2VyX2lkIjoxfQ.Cdrb2RAPW5Yu2plS8sMIBGfqkcQk45MgJSHLuGTCkiI", "created_at": null, "expires_at": "2021-02-17T11:10:13Z"}}, {"model": "token_blacklist.outstandingtoken", "pk": 107, "fields": {"user": null, "jti": "a5280e8b002c45f0b8b9ec149424fa73", "token": "eyJ0eXAiOiJKV1QiLCJhbGciOiJIUzI1NiJ9.eyJ0b2tlbl90eXBlIjoicmVmcmVzaCIsImV4cCI6MTYxMzU2MDIxMywianRpIjoiYTUyODBlOGIwMDJjNDVmMGI4YjllYzE0OTQyNGZhNzMiLCJ1c2VyX2lkIjoxfQ.NFqBTpPyV4VCkflXosaCwEMP0Om__RPY-SdivoZF7Io", "created_at": null, "expires_at": "2021-02-17T11:10:13Z"}}, {"model": "token_blacklist.outstandingtoken", "pk": 108, "fields": {"user": null, "jti": "46adc04cb09f492c92eb03bfbe6b8836", "token": "eyJ0eXAiOiJKV1QiLCJhbGciOiJIUzI1NiJ9.eyJ0b2tlbl90eXBlIjoicmVmcmVzaCIsImV4cCI6MTYxMzU2MDIxMywianRpIjoiNDZhZGMwNGNiMDlmNDkyYzkyZWIwM2JmYmU2Yjg4MzYiLCJ1c2VyX2lkIjoxfQ.8S40Y_9V3wby67WZffejR4ahOXpT6Exx81qr0UzGEr4", "created_at": null, "expires_at": "2021-02-17T11:10:13Z"}}, {"model": "token_blacklist.outstandingtoken", "pk": 109, "fields": {"user": null, "jti": "e0e7eae037664cab83ad75517b7d0fab", "token": "eyJ0eXAiOiJKV1QiLCJhbGciOiJIUzI1NiJ9.eyJ0b2tlbl90eXBlIjoicmVmcmVzaCIsImV4cCI6MTYxMzU2MDIxMywianRpIjoiZTBlN2VhZTAzNzY2NGNhYjgzYWQ3NTUxN2I3ZDBmYWIiLCJ1c2VyX2lkIjoxfQ.8djiKtP91Yf0nePB2wleDt21ZEOWWSa28GiLn-I5PfA", "created_at": null, "expires_at": "2021-02-17T11:10:13Z"}}, {"model": "token_blacklist.outstandingtoken", "pk": 110, "fields": {"user": null, "jti": "be7e42a4bb3d4bb880e1f9dde6f4a963", "token": "eyJ0eXAiOiJKV1QiLCJhbGciOiJIUzI1NiJ9.eyJ0b2tlbl90eXBlIjoicmVmcmVzaCIsImV4cCI6MTYxMzU2MDIxMywianRpIjoiYmU3ZTQyYTRiYjNkNGJiODgwZTFmOWRkZTZmNGE5NjMiLCJ1c2VyX2lkIjoxfQ.b0UCRDVPa-eF9-7GxDZdJik7Ybwhq7IWASRsP6RIfxI", "created_at": null, "expires_at": "2021-02-17T11:10:13Z"}}, {"model": "token_blacklist.outstandingtoken", "pk": 111, "fields": {"user": null, "jti": "706fddf340fb4c02ae71a0adfff65e10", "token": "eyJ0eXAiOiJKV1QiLCJhbGciOiJIUzI1NiJ9.eyJ0b2tlbl90eXBlIjoicmVmcmVzaCIsImV4cCI6MTYxMzU2MDIxMywianRpIjoiNzA2ZmRkZjM0MGZiNGMwMmFlNzFhMGFkZmZmNjVlMTAiLCJ1c2VyX2lkIjoxfQ.YooR0v0wf4Vxq5tmP45bsRpbXWH-IUolO_iCKTGqhzs", "created_at": null, "expires_at": "2021-02-17T11:10:13Z"}}, {"model": "token_blacklist.outstandingtoken", "pk": 112, "fields": {"user": null, "jti": "20463f579e91496197df1f1535acadbf", "token": "eyJ0eXAiOiJKV1QiLCJhbGciOiJIUzI1NiJ9.eyJ0b2tlbl90eXBlIjoicmVmcmVzaCIsImV4cCI6MTYxMzU2MDIxMywianRpIjoiMjA0NjNmNTc5ZTkxNDk2MTk3ZGYxZjE1MzVhY2FkYmYiLCJ1c2VyX2lkIjoxfQ.CmnH9EesoZbMHxo3ZkyPNrcaSkzpe1uNA3gXvFY5qi8", "created_at": null, "expires_at": "2021-02-17T11:10:13Z"}}, {"model": "token_blacklist.outstandingtoken", "pk": 113, "fields": {"user": null, "jti": "8d5f23a556764059b4cde014ee0ce619", "token": "eyJ0eXAiOiJKV1QiLCJhbGciOiJIUzI1NiJ9.eyJ0b2tlbl90eXBlIjoicmVmcmVzaCIsImV4cCI6MTYxMzU2MDIxMywianRpIjoiOGQ1ZjIzYTU1Njc2NDA1OWI0Y2RlMDE0ZWUwY2U2MTkiLCJ1c2VyX2lkIjoxfQ.fqRXEFOCk4wCrgVXpoomcNOcwWIrF5bPRlS7qF4PVg0", "created_at": null, "expires_at": "2021-02-17T11:10:13Z"}}, {"model": "token_blacklist.outstandingtoken", "pk": 114, "fields": {"user": null, "jti": "9dda16663d43427ab2de063213238682", "token": "eyJ0eXAiOiJKV1QiLCJhbGciOiJIUzI1NiJ9.eyJ0b2tlbl90eXBlIjoicmVmcmVzaCIsImV4cCI6MTYxMzU2MDIxMywianRpIjoiOWRkYTE2NjYzZDQzNDI3YWIyZGUwNjMyMTMyMzg2ODIiLCJ1c2VyX2lkIjoxfQ.rEO0mGVSebIGW3ltsfoXr2Fwpp4qEDJ1_wrmRVniBrU", "created_at": null, "expires_at": "2021-02-17T11:10:13Z"}}, {"model": "token_blacklist.outstandingtoken", "pk": 115, "fields": {"user": null, "jti": "2e96b4a9f0f541988fd59bfa86cd9d33", "token": "eyJ0eXAiOiJKV1QiLCJhbGciOiJIUzI1NiJ9.eyJ0b2tlbl90eXBlIjoicmVmcmVzaCIsImV4cCI6MTYxMzU2MDIxMywianRpIjoiMmU5NmI0YTlmMGY1NDE5ODhmZDU5YmZhODZjZDlkMzMiLCJ1c2VyX2lkIjoxfQ.ZLpVX-WnN_uHIHVXhsU4579yFbUk6iZXgTrg5BqAwSU", "created_at": null, "expires_at": "2021-02-17T11:10:13Z"}}, {"model": "token_blacklist.outstandingtoken", "pk": 116, "fields": {"user": null, "jti": "c67a63ffa960420eb5bb206c9a390ad4", "token": "eyJ0eXAiOiJKV1QiLCJhbGciOiJIUzI1NiJ9.eyJ0b2tlbl90eXBlIjoicmVmcmVzaCIsImV4cCI6MTYxMzU2MDIxMywianRpIjoiYzY3YTYzZmZhOTYwNDIwZWI1YmIyMDZjOWEzOTBhZDQiLCJ1c2VyX2lkIjoxfQ.G-M2QNe-4W_NVduymJQ1QoyaLMrEtiLXLENRVLNzb8w", "created_at": null, "expires_at": "2021-02-17T11:10:13Z"}}, {"model": "token_blacklist.outstandingtoken", "pk": 117, "fields": {"user": null, "jti": "867ed7d851c84440b27e9358c1d42ea1", "token": "eyJ0eXAiOiJKV1QiLCJhbGciOiJIUzI1NiJ9.eyJ0b2tlbl90eXBlIjoicmVmcmVzaCIsImV4cCI6MTYxMzU2MDIxMywianRpIjoiODY3ZWQ3ZDg1MWM4NDQ0MGIyN2U5MzU4YzFkNDJlYTEiLCJ1c2VyX2lkIjoxfQ.-59kqmS32CPnJiCGJT19Fyg6kL1KCrkM5chl8-Rq-Uo", "created_at": null, "expires_at": "2021-02-17T11:10:13Z"}}, {"model": "token_blacklist.outstandingtoken", "pk": 118, "fields": {"user": null, "jti": "019c19e8b3c645e29db7f0321b702db2", "token": "eyJ0eXAiOiJKV1QiLCJhbGciOiJIUzI1NiJ9.eyJ0b2tlbl90eXBlIjoicmVmcmVzaCIsImV4cCI6MTYxMzU2MDIxMywianRpIjoiMDE5YzE5ZThiM2M2NDVlMjlkYjdmMDMyMWI3MDJkYjIiLCJ1c2VyX2lkIjoxfQ.BFVAzuQazrfkDaBnWSnB13llm3rUAqSxA6zFzjWI0fQ", "created_at": null, "expires_at": "2021-02-17T11:10:13Z"}}, {"model": "token_blacklist.outstandingtoken", "pk": 119, "fields": {"user": null, "jti": "b821fd0c3d894da1ac6483c23941c314", "token": "eyJ0eXAiOiJKV1QiLCJhbGciOiJIUzI1NiJ9.eyJ0b2tlbl90eXBlIjoicmVmcmVzaCIsImV4cCI6MTYxMzU2MDIxMywianRpIjoiYjgyMWZkMGMzZDg5NGRhMWFjNjQ4M2MyMzk0MWMzMTQiLCJ1c2VyX2lkIjoxfQ.6m3QJRSjJpaisf_qUMz1VPCCQVCoUkQxwWxwJ_yYSk4", "created_at": null, "expires_at": "2021-02-17T11:10:13Z"}}, {"model": "token_blacklist.outstandingtoken", "pk": 120, "fields": {"user": null, "jti": "93425e1c6e7f4eaf8442b1376f366bce", "token": "eyJ0eXAiOiJKV1QiLCJhbGciOiJIUzI1NiJ9.eyJ0b2tlbl90eXBlIjoicmVmcmVzaCIsImV4cCI6MTYxMzU2MDIxMywianRpIjoiOTM0MjVlMWM2ZTdmNGVhZjg0NDJiMTM3NmYzNjZiY2UiLCJ1c2VyX2lkIjoxfQ.QKSLIiwqtt4eKQ60Z2hRpfXdE-lbA1f6CUi7CUDZC90", "created_at": null, "expires_at": "2021-02-17T11:10:13Z"}}, {"model": "token_blacklist.outstandingtoken", "pk": 121, "fields": {"user": null, "jti": "bb306e11c0b04d88962722649bb8fb6e", "token": "eyJ0eXAiOiJKV1QiLCJhbGciOiJIUzI1NiJ9.eyJ0b2tlbl90eXBlIjoicmVmcmVzaCIsImV4cCI6MTYxMzU2MDIxNCwianRpIjoiYmIzMDZlMTFjMGIwNGQ4ODk2MjcyMjY0OWJiOGZiNmUiLCJ1c2VyX2lkIjoxfQ.Nw-b_PiU_TMRChpIC8XHcuBrwPuFMDIdA4Rft3GBlEI", "created_at": null, "expires_at": "2021-02-17T11:10:14Z"}}, {"model": "token_blacklist.outstandingtoken", "pk": 122, "fields": {"user": null, "jti": "5cdad3fbb48448c78a5892e4afc75fdc", "token": "eyJ0eXAiOiJKV1QiLCJhbGciOiJIUzI1NiJ9.eyJ0b2tlbl90eXBlIjoicmVmcmVzaCIsImV4cCI6MTYxMzU2MDIxNCwianRpIjoiNWNkYWQzZmJiNDg0NDhjNzhhNTg5MmU0YWZjNzVmZGMiLCJ1c2VyX2lkIjoxfQ.UCuuNH4B94dk5uALyed_6ppue0vThVRYi6UqbwmTzsM", "created_at": null, "expires_at": "2021-02-17T11:10:14Z"}}, {"model": "token_blacklist.outstandingtoken", "pk": 123, "fields": {"user": null, "jti": "b4f47101595c4658b6f1d2081dd73532", "token": "eyJ0eXAiOiJKV1QiLCJhbGciOiJIUzI1NiJ9.eyJ0b2tlbl90eXBlIjoicmVmcmVzaCIsImV4cCI6MTYxMzU2MDIxNCwianRpIjoiYjRmNDcxMDE1OTVjNDY1OGI2ZjFkMjA4MWRkNzM1MzIiLCJ1c2VyX2lkIjoxfQ.yAlBP6JlslBitssqzN9rUEA8JRIMGzpB2S8NFPWqOfk", "created_at": null, "expires_at": "2021-02-17T11:10:14Z"}}, {"model": "token_blacklist.outstandingtoken", "pk": 124, "fields": {"user": null, "jti": "2619c92bf2da4fca97891a47f57f928f", "token": "eyJ0eXAiOiJKV1QiLCJhbGciOiJIUzI1NiJ9.eyJ0b2tlbl90eXBlIjoicmVmcmVzaCIsImV4cCI6MTYxMzU2MDIxNCwianRpIjoiMjYxOWM5MmJmMmRhNGZjYTk3ODkxYTQ3ZjU3ZjkyOGYiLCJ1c2VyX2lkIjoxfQ.QDOwIOUHaceBOSQW_7yi4BDXPFsifeZB0vj9_IVUnN0", "created_at": null, "expires_at": "2021-02-17T11:10:14Z"}}, {"model": "token_blacklist.outstandingtoken", "pk": 125, "fields": {"user": null, "jti": "672d5457d27b4f8392430b1e41d75f8f", "token": "eyJ0eXAiOiJKV1QiLCJhbGciOiJIUzI1NiJ9.eyJ0b2tlbl90eXBlIjoicmVmcmVzaCIsImV4cCI6MTYxMzU2MDIxNCwianRpIjoiNjcyZDU0NTdkMjdiNGY4MzkyNDMwYjFlNDFkNzVmOGYiLCJ1c2VyX2lkIjoxfQ.5guzphIeBzjBil1uCsV4w8NaXG0LDdL49U7SJ9pAUQQ", "created_at": null, "expires_at": "2021-02-17T11:10:14Z"}}, {"model": "token_blacklist.outstandingtoken", "pk": 126, "fields": {"user": null, "jti": "42ad9ab611be447692b78833250db62b", "token": "eyJ0eXAiOiJKV1QiLCJhbGciOiJIUzI1NiJ9.eyJ0b2tlbl90eXBlIjoicmVmcmVzaCIsImV4cCI6MTYxMzU2MDIxNCwianRpIjoiNDJhZDlhYjYxMWJlNDQ3NjkyYjc4ODMzMjUwZGI2MmIiLCJ1c2VyX2lkIjoxfQ.SomrT1kGCHJbwp308PUfscWwEklmS27Li2J0xSbP364", "created_at": null, "expires_at": "2021-02-17T11:10:14Z"}}, {"model": "token_blacklist.outstandingtoken", "pk": 127, "fields": {"user": null, "jti": "638a5b91281c4b078110de49f4a1aa76", "token": "eyJ0eXAiOiJKV1QiLCJhbGciOiJIUzI1NiJ9.eyJ0b2tlbl90eXBlIjoicmVmcmVzaCIsImV4cCI6MTYxMzU2MDIxNCwianRpIjoiNjM4YTViOTEyODFjNGIwNzgxMTBkZTQ5ZjRhMWFhNzYiLCJ1c2VyX2lkIjoxfQ.W-1y25XtET3flY34_8wd2RjycAjfaHgnOFLmecMXbtk", "created_at": null, "expires_at": "2021-02-17T11:10:14Z"}}, {"model": "token_blacklist.outstandingtoken", "pk": 128, "fields": {"user": null, "jti": "a1896d27dcce47e882727d38faea11ce", "token": "eyJ0eXAiOiJKV1QiLCJhbGciOiJIUzI1NiJ9.eyJ0b2tlbl90eXBlIjoicmVmcmVzaCIsImV4cCI6MTYxMzU2MDIxNCwianRpIjoiYTE4OTZkMjdkY2NlNDdlODgyNzI3ZDM4ZmFlYTExY2UiLCJ1c2VyX2lkIjoxfQ.sudL6gAOC-qu3gVJUhY01ECRaRsNrSnHqvlB_iL_DRU", "created_at": null, "expires_at": "2021-02-17T11:10:14Z"}}, {"model": "token_blacklist.outstandingtoken", "pk": 129, "fields": {"user": null, "jti": "fed1fe5af10741e58e2c3e07315c5a5e", "token": "eyJ0eXAiOiJKV1QiLCJhbGciOiJIUzI1NiJ9.eyJ0b2tlbl90eXBlIjoicmVmcmVzaCIsImV4cCI6MTYxMzU2MDIxNCwianRpIjoiZmVkMWZlNWFmMTA3NDFlNThlMmMzZTA3MzE1YzVhNWUiLCJ1c2VyX2lkIjoxfQ.WywWalMszc3-5k6dx0qtKn55qjdppvr-XITFJnxugPc", "created_at": null, "expires_at": "2021-02-17T11:10:14Z"}}, {"model": "token_blacklist.outstandingtoken", "pk": 130, "fields": {"user": null, "jti": "28016e89ba434e25b3ac38c0b8b414ea", "token": "eyJ0eXAiOiJKV1QiLCJhbGciOiJIUzI1NiJ9.eyJ0b2tlbl90eXBlIjoicmVmcmVzaCIsImV4cCI6MTYxMzU2MDIxNCwianRpIjoiMjgwMTZlODliYTQzNGUyNWIzYWMzOGMwYjhiNDE0ZWEiLCJ1c2VyX2lkIjoxfQ.NsGB6II6o8UC2g9Blh9GcPmfGzlKwloqh4aTjdm978w", "created_at": null, "expires_at": "2021-02-17T11:10:14Z"}}, {"model": "token_blacklist.outstandingtoken", "pk": 131, "fields": {"user": null, "jti": "64c3e2a8fe8b4b9e9da5a37468f68bd6", "token": "eyJ0eXAiOiJKV1QiLCJhbGciOiJIUzI1NiJ9.eyJ0b2tlbl90eXBlIjoicmVmcmVzaCIsImV4cCI6MTYxMzU2MDIxNCwianRpIjoiNjRjM2UyYThmZThiNGI5ZTlkYTVhMzc0NjhmNjhiZDYiLCJ1c2VyX2lkIjoxfQ.OqoOg5W9hZgPNEK9_e05bs3hEXjM3GYifTTn976B9bU", "created_at": null, "expires_at": "2021-02-17T11:10:14Z"}}, {"model": "token_blacklist.outstandingtoken", "pk": 132, "fields": {"user": null, "jti": "ced88a50f2644105a1a705e37d7d83a4", "token": "eyJ0eXAiOiJKV1QiLCJhbGciOiJIUzI1NiJ9.eyJ0b2tlbl90eXBlIjoicmVmcmVzaCIsImV4cCI6MTYxMzU2MDIxNCwianRpIjoiY2VkODhhNTBmMjY0NDEwNWExYTcwNWUzN2Q3ZDgzYTQiLCJ1c2VyX2lkIjoxfQ._ya8GcJUdOxaSPU0tLWUtnsBtKhLpzY7VdiKtAiNcEI", "created_at": null, "expires_at": "2021-02-17T11:10:14Z"}}, {"model": "token_blacklist.outstandingtoken", "pk": 133, "fields": {"user": null, "jti": "63d73e071e414ee79eb4b12afcb37c64", "token": "eyJ0eXAiOiJKV1QiLCJhbGciOiJIUzI1NiJ9.eyJ0b2tlbl90eXBlIjoicmVmcmVzaCIsImV4cCI6MTYxMzU2MDIxNCwianRpIjoiNjNkNzNlMDcxZTQxNGVlNzllYjRiMTJhZmNiMzdjNjQiLCJ1c2VyX2lkIjoxfQ.gCHVjY3XT_qJXIolpSA5VZRPltrBs6gWuQ7JKc52m94", "created_at": null, "expires_at": "2021-02-17T11:10:14Z"}}, {"model": "token_blacklist.outstandingtoken", "pk": 134, "fields": {"user": null, "jti": "ba76c4eb63214044b9b79b92d6923841", "token": "eyJ0eXAiOiJKV1QiLCJhbGciOiJIUzI1NiJ9.eyJ0b2tlbl90eXBlIjoicmVmcmVzaCIsImV4cCI6MTYxMzU2MDIxNCwianRpIjoiYmE3NmM0ZWI2MzIxNDA0NGI5Yjc5YjkyZDY5MjM4NDEiLCJ1c2VyX2lkIjoxfQ.jLEh7cBNmouj7GkLKoHWxMTqcRi6gkjAmD0eJ3hxSnY", "created_at": null, "expires_at": "2021-02-17T11:10:14Z"}}, {"model": "token_blacklist.outstandingtoken", "pk": 135, "fields": {"user": null, "jti": "44079a182a1e4ea6956fab316228fa22", "token": "eyJ0eXAiOiJKV1QiLCJhbGciOiJIUzI1NiJ9.eyJ0b2tlbl90eXBlIjoicmVmcmVzaCIsImV4cCI6MTYxMzU2MDIxNCwianRpIjoiNDQwNzlhMTgyYTFlNGVhNjk1NmZhYjMxNjIyOGZhMjIiLCJ1c2VyX2lkIjoxfQ.xnQ_m70wvS4Un8Il53WpHE-Qx_-IEvY44VDM99Hg3BE", "created_at": null, "expires_at": "2021-02-17T11:10:14Z"}}, {"model": "token_blacklist.outstandingtoken", "pk": 136, "fields": {"user": null, "jti": "5f26182921bf4e30a9cbd157d419b683", "token": "eyJ0eXAiOiJKV1QiLCJhbGciOiJIUzI1NiJ9.eyJ0b2tlbl90eXBlIjoicmVmcmVzaCIsImV4cCI6MTYxMzU2MDIxNCwianRpIjoiNWYyNjE4MjkyMWJmNGUzMGE5Y2JkMTU3ZDQxOWI2ODMiLCJ1c2VyX2lkIjoxfQ.9Kb_-NJThF7baagFkzAsybxESnJpIqFuy7G7iHOnOl4", "created_at": null, "expires_at": "2021-02-17T11:10:14Z"}}, {"model": "token_blacklist.outstandingtoken", "pk": 137, "fields": {"user": null, "jti": "2dbff36c7a564e099ad4b20648969837", "token": "eyJ0eXAiOiJKV1QiLCJhbGciOiJIUzI1NiJ9.eyJ0b2tlbl90eXBlIjoicmVmcmVzaCIsImV4cCI6MTYxMzU2MDIxNCwianRpIjoiMmRiZmYzNmM3YTU2NGUwOTlhZDRiMjA2NDg5Njk4MzciLCJ1c2VyX2lkIjoxfQ.Fufh8uthEE58viaScgfkXbiXi0OY3wC1AdQFn09wLPU", "created_at": null, "expires_at": "2021-02-17T11:10:14Z"}}, {"model": "token_blacklist.outstandingtoken", "pk": 138, "fields": {"user": null, "jti": "6b95da82495f4803bda85b632571b405", "token": "eyJ0eXAiOiJKV1QiLCJhbGciOiJIUzI1NiJ9.eyJ0b2tlbl90eXBlIjoicmVmcmVzaCIsImV4cCI6MTYxMzU2MDIxNCwianRpIjoiNmI5NWRhODI0OTVmNDgwM2JkYTg1YjYzMjU3MWI0MDUiLCJ1c2VyX2lkIjoxfQ._jf46ZtNSpAmB_abyTc4_SE79aIikAPX70UBL5-6pN0", "created_at": null, "expires_at": "2021-02-17T11:10:14Z"}}, {"model": "token_blacklist.outstandingtoken", "pk": 139, "fields": {"user": null, "jti": "f186263d4c0b4ef486f44cf5c1aeed44", "token": "eyJ0eXAiOiJKV1QiLCJhbGciOiJIUzI1NiJ9.eyJ0b2tlbl90eXBlIjoicmVmcmVzaCIsImV4cCI6MTYxMzU2MDIxNSwianRpIjoiZjE4NjI2M2Q0YzBiNGVmNDg2ZjQ0Y2Y1YzFhZWVkNDQiLCJ1c2VyX2lkIjoxfQ.wKGOUgpIElsxL55meS4lS7s-v3fgreTUNe9riaRKetM", "created_at": null, "expires_at": "2021-02-17T11:10:15Z"}}, {"model": "token_blacklist.outstandingtoken", "pk": 140, "fields": {"user": null, "jti": "65871e0891554d8e91d94c85c05651a7", "token": "eyJ0eXAiOiJKV1QiLCJhbGciOiJIUzI1NiJ9.eyJ0b2tlbl90eXBlIjoicmVmcmVzaCIsImV4cCI6MTYxMzU2MDIxNSwianRpIjoiNjU4NzFlMDg5MTU1NGQ4ZTkxZDk0Yzg1YzA1NjUxYTciLCJ1c2VyX2lkIjoxfQ.1pVz1g4My61JS2r_iMhAo3i1SIFmgg3DT5rGNWghxsg", "created_at": null, "expires_at": "2021-02-17T11:10:15Z"}}, {"model": "token_blacklist.outstandingtoken", "pk": 141, "fields": {"user": null, "jti": "b67ae4cce4254ac2a8663799a5ee83a7", "token": "eyJ0eXAiOiJKV1QiLCJhbGciOiJIUzI1NiJ9.eyJ0b2tlbl90eXBlIjoicmVmcmVzaCIsImV4cCI6MTYxMzU2MDIxNSwianRpIjoiYjY3YWU0Y2NlNDI1NGFjMmE4NjYzNzk5YTVlZTgzYTciLCJ1c2VyX2lkIjoxfQ.gl_eE-i8xgLSxCe1r8dCHAbwJvSBysvM6JTFWgRsF9o", "created_at": null, "expires_at": "2021-02-17T11:10:15Z"}}, {"model": "token_blacklist.outstandingtoken", "pk": 142, "fields": {"user": null, "jti": "6353eedc2e614189b696753795762bb8", "token": "eyJ0eXAiOiJKV1QiLCJhbGciOiJIUzI1NiJ9.eyJ0b2tlbl90eXBlIjoicmVmcmVzaCIsImV4cCI6MTYxMzU2MDIxNSwianRpIjoiNjM1M2VlZGMyZTYxNDE4OWI2OTY3NTM3OTU3NjJiYjgiLCJ1c2VyX2lkIjoxfQ.NJ-EQPt55bnHVqec6zdmhkPHlXOHegABsBhTh3UspBE", "created_at": null, "expires_at": "2021-02-17T11:10:15Z"}}, {"model": "token_blacklist.outstandingtoken", "pk": 143, "fields": {"user": null, "jti": "da18b3b05faf4b17bba35b8e643efdee", "token": "eyJ0eXAiOiJKV1QiLCJhbGciOiJIUzI1NiJ9.eyJ0b2tlbl90eXBlIjoicmVmcmVzaCIsImV4cCI6MTYxMzU2MDIxNSwianRpIjoiZGExOGIzYjA1ZmFmNGIxN2JiYTM1YjhlNjQzZWZkZWUiLCJ1c2VyX2lkIjoxfQ.nuCBXv2t7uMRZxIymCzdrhhjiYLW9XbWxREXgY3LiRQ", "created_at": null, "expires_at": "2021-02-17T11:10:15Z"}}, {"model": "token_blacklist.outstandingtoken", "pk": 144, "fields": {"user": null, "jti": "ee0eed3cb8ac4e7db8989abf1667c560", "token": "eyJ0eXAiOiJKV1QiLCJhbGciOiJIUzI1NiJ9.eyJ0b2tlbl90eXBlIjoicmVmcmVzaCIsImV4cCI6MTYxMzU2MDIxNSwianRpIjoiZWUwZWVkM2NiOGFjNGU3ZGI4OTg5YWJmMTY2N2M1NjAiLCJ1c2VyX2lkIjoxfQ.SbMtLWzfM_65UjxPl2vi20jgjBrsBseZ4GrigI3Sdgw", "created_at": null, "expires_at": "2021-02-17T11:10:15Z"}}, {"model": "token_blacklist.outstandingtoken", "pk": 145, "fields": {"user": null, "jti": "3b03884b806a4cb18bee26491ed5a21f", "token": "eyJ0eXAiOiJKV1QiLCJhbGciOiJIUzI1NiJ9.eyJ0b2tlbl90eXBlIjoicmVmcmVzaCIsImV4cCI6MTYxMzU2MDIxNSwianRpIjoiM2IwMzg4NGI4MDZhNGNiMThiZWUyNjQ5MWVkNWEyMWYiLCJ1c2VyX2lkIjoxfQ.njnz7l9sk0MmJhOvP-ueOJhmg8QWrOq3zMxrB51rNXI", "created_at": null, "expires_at": "2021-02-17T11:10:15Z"}}, {"model": "token_blacklist.outstandingtoken", "pk": 146, "fields": {"user": null, "jti": "701a68224a9147f5bf744ce3fc152909", "token": "eyJ0eXAiOiJKV1QiLCJhbGciOiJIUzI1NiJ9.eyJ0b2tlbl90eXBlIjoicmVmcmVzaCIsImV4cCI6MTYxMzU2MDIxNSwianRpIjoiNzAxYTY4MjI0YTkxNDdmNWJmNzQ0Y2UzZmMxNTI5MDkiLCJ1c2VyX2lkIjoxfQ.UJAFUGN9gAmeOjib_q_PqoFr-9y8O7gM3BoPPRJJTXM", "created_at": null, "expires_at": "2021-02-17T11:10:15Z"}}, {"model": "token_blacklist.outstandingtoken", "pk": 147, "fields": {"user": null, "jti": "de3ceb3c9e084ea38b32af04650147f0", "token": "eyJ0eXAiOiJKV1QiLCJhbGciOiJIUzI1NiJ9.eyJ0b2tlbl90eXBlIjoicmVmcmVzaCIsImV4cCI6MTYxMzU2MDIxNSwianRpIjoiZGUzY2ViM2M5ZTA4NGVhMzhiMzJhZjA0NjUwMTQ3ZjAiLCJ1c2VyX2lkIjoxfQ.u-BT_uVfdvNKZCFWLKx4Obwo4sRR-KA1j4Ny3cy6I0Y", "created_at": null, "expires_at": "2021-02-17T11:10:15Z"}}, {"model": "token_blacklist.outstandingtoken", "pk": 148, "fields": {"user": null, "jti": "fedcb17e480d4c7fa21f13b4916fe86c", "token": "eyJ0eXAiOiJKV1QiLCJhbGciOiJIUzI1NiJ9.eyJ0b2tlbl90eXBlIjoicmVmcmVzaCIsImV4cCI6MTYxMzU2MDIxNSwianRpIjoiZmVkY2IxN2U0ODBkNGM3ZmEyMWYxM2I0OTE2ZmU4NmMiLCJ1c2VyX2lkIjoxfQ.Exf4WYmEjXRfXb5ctLo9ST_2PatZ674FwfXOdV4y0jM", "created_at": null, "expires_at": "2021-02-17T11:10:15Z"}}, {"model": "token_blacklist.outstandingtoken", "pk": 149, "fields": {"user": null, "jti": "e9a2e403f7f24d5c8e2e1c66034a3d87", "token": "eyJ0eXAiOiJKV1QiLCJhbGciOiJIUzI1NiJ9.eyJ0b2tlbl90eXBlIjoicmVmcmVzaCIsImV4cCI6MTYxMzU2MDIxNSwianRpIjoiZTlhMmU0MDNmN2YyNGQ1YzhlMmUxYzY2MDM0YTNkODciLCJ1c2VyX2lkIjoxfQ.Fs9lyOe6D28QA6gaOxu3ZRvSO8MIP1gzOHFZ4354Rd0", "created_at": null, "expires_at": "2021-02-17T11:10:15Z"}}, {"model": "token_blacklist.outstandingtoken", "pk": 150, "fields": {"user": null, "jti": "ba9d2c8f46d44534a54bb390e39fb7e1", "token": "eyJ0eXAiOiJKV1QiLCJhbGciOiJIUzI1NiJ9.eyJ0b2tlbl90eXBlIjoicmVmcmVzaCIsImV4cCI6MTYxMzU2MDIxNSwianRpIjoiYmE5ZDJjOGY0NmQ0NDUzNGE1NGJiMzkwZTM5ZmI3ZTEiLCJ1c2VyX2lkIjoxfQ.edUTCIzIo6_eX--rMeHZ9fQzzd6YenHSyoGavwLMYI0", "created_at": null, "expires_at": "2021-02-17T11:10:15Z"}}, {"model": "token_blacklist.outstandingtoken", "pk": 151, "fields": {"user": null, "jti": "290664ba622849109c6513854d04c08a", "token": "eyJ0eXAiOiJKV1QiLCJhbGciOiJIUzI1NiJ9.eyJ0b2tlbl90eXBlIjoicmVmcmVzaCIsImV4cCI6MTYxMzU2MDIxNSwianRpIjoiMjkwNjY0YmE2MjI4NDkxMDljNjUxMzg1NGQwNGMwOGEiLCJ1c2VyX2lkIjoxfQ.FWd4yI1q1Zf9UGjoXoD9x5Omy-qHvy0s8y_6YVvlbGs", "created_at": null, "expires_at": "2021-02-17T11:10:15Z"}}, {"model": "token_blacklist.outstandingtoken", "pk": 152, "fields": {"user": null, "jti": "bb7619639a884c2b823d9949ffe1b6b3", "token": "eyJ0eXAiOiJKV1QiLCJhbGciOiJIUzI1NiJ9.eyJ0b2tlbl90eXBlIjoicmVmcmVzaCIsImV4cCI6MTYxMzU2MDIxNSwianRpIjoiYmI3NjE5NjM5YTg4NGMyYjgyM2Q5OTQ5ZmZlMWI2YjMiLCJ1c2VyX2lkIjoxfQ.YJkCArUkZ4WNCD-JNZ35tsj0p0Vc_GMfeepxqQfWqu4", "created_at": null, "expires_at": "2021-02-17T11:10:15Z"}}, {"model": "token_blacklist.outstandingtoken", "pk": 153, "fields": {"user": null, "jti": "0ae76d0b30c74ef59d0395d0f56b8156", "token": "eyJ0eXAiOiJKV1QiLCJhbGciOiJIUzI1NiJ9.eyJ0b2tlbl90eXBlIjoicmVmcmVzaCIsImV4cCI6MTYxMzU2MDIxNSwianRpIjoiMGFlNzZkMGIzMGM3NGVmNTlkMDM5NWQwZjU2YjgxNTYiLCJ1c2VyX2lkIjoxfQ.2ROgS-Bgnyu8nps70wktYqg2JEsGW8ZvmMlB1lxlbN4", "created_at": null, "expires_at": "2021-02-17T11:10:15Z"}}, {"model": "token_blacklist.outstandingtoken", "pk": 154, "fields": {"user": null, "jti": "a9c3ee663740416a8c5530004f87c970", "token": "eyJ0eXAiOiJKV1QiLCJhbGciOiJIUzI1NiJ9.eyJ0b2tlbl90eXBlIjoicmVmcmVzaCIsImV4cCI6MTYxMzU2MDIxNSwianRpIjoiYTljM2VlNjYzNzQwNDE2YThjNTUzMDAwNGY4N2M5NzAiLCJ1c2VyX2lkIjoxfQ.CY-zFKgA2VcB5XoDCiM9aH7aCRRvKZ9T4poynUWX924", "created_at": null, "expires_at": "2021-02-17T11:10:15Z"}}, {"model": "token_blacklist.outstandingtoken", "pk": 155, "fields": {"user": null, "jti": "e8ca06cebe2e4887b2cd88c440a8d228", "token": "eyJ0eXAiOiJKV1QiLCJhbGciOiJIUzI1NiJ9.eyJ0b2tlbl90eXBlIjoicmVmcmVzaCIsImV4cCI6MTYxMzU2MDIxNSwianRpIjoiZThjYTA2Y2ViZTJlNDg4N2IyY2Q4OGM0NDBhOGQyMjgiLCJ1c2VyX2lkIjoxfQ.6DLdgsQGla5agzc3MV-zyQS4pr5shCBvMJQyBcy-pZs", "created_at": null, "expires_at": "2021-02-17T11:10:15Z"}}, {"model": "token_blacklist.outstandingtoken", "pk": 156, "fields": {"user": null, "jti": "f108db329b024795b53deb2292efcc3c", "token": "eyJ0eXAiOiJKV1QiLCJhbGciOiJIUzI1NiJ9.eyJ0b2tlbl90eXBlIjoicmVmcmVzaCIsImV4cCI6MTYxMzU2MDIxNiwianRpIjoiZjEwOGRiMzI5YjAyNDc5NWI1M2RlYjIyOTJlZmNjM2MiLCJ1c2VyX2lkIjoxfQ.mBnHVB_vs8sVMEAQ4LvXYk5HbDwsdIPhZtQpL5_Or0c", "created_at": null, "expires_at": "2021-02-17T11:10:16Z"}}, {"model": "token_blacklist.outstandingtoken", "pk": 157, "fields": {"user": null, "jti": "1d88225b6d1e4d908fcb1c4ea68ae9b0", "token": "eyJ0eXAiOiJKV1QiLCJhbGciOiJIUzI1NiJ9.eyJ0b2tlbl90eXBlIjoicmVmcmVzaCIsImV4cCI6MTYxMzU2MDIxNiwianRpIjoiMWQ4ODIyNWI2ZDFlNGQ5MDhmY2IxYzRlYTY4YWU5YjAiLCJ1c2VyX2lkIjoxfQ.uf-Xkp-iXjcfXumBILT5k0LfaIL31WzuPMiyDqbwd-I", "created_at": null, "expires_at": "2021-02-17T11:10:16Z"}}, {"model": "token_blacklist.outstandingtoken", "pk": 158, "fields": {"user": null, "jti": "ec596cae92454ff49c19ae58551a4203", "token": "eyJ0eXAiOiJKV1QiLCJhbGciOiJIUzI1NiJ9.eyJ0b2tlbl90eXBlIjoicmVmcmVzaCIsImV4cCI6MTYxMzU2MDIxNiwianRpIjoiZWM1OTZjYWU5MjQ1NGZmNDljMTlhZTU4NTUxYTQyMDMiLCJ1c2VyX2lkIjoxfQ.BJJ91ZOy4EIyngjZq5ETOVrJdqll_h7B2XmOw8l-xRs", "created_at": null, "expires_at": "2021-02-17T11:10:16Z"}}, {"model": "token_blacklist.outstandingtoken", "pk": 159, "fields": {"user": null, "jti": "59c6068fef094eaebb10720ee27eca9b", "token": "eyJ0eXAiOiJKV1QiLCJhbGciOiJIUzI1NiJ9.eyJ0b2tlbl90eXBlIjoicmVmcmVzaCIsImV4cCI6MTYxMzU2MDIxNiwianRpIjoiNTljNjA2OGZlZjA5NGVhZWJiMTA3MjBlZTI3ZWNhOWIiLCJ1c2VyX2lkIjoxfQ.4XrAn1gJapVVkEYoZTpJ8TBy465qsn8211LozeNHMXE", "created_at": null, "expires_at": "2021-02-17T11:10:16Z"}}, {"model": "token_blacklist.outstandingtoken", "pk": 160, "fields": {"user": null, "jti": "dd3c73e468974ce4ab4517ecd0e8dbb1", "token": "eyJ0eXAiOiJKV1QiLCJhbGciOiJIUzI1NiJ9.eyJ0b2tlbl90eXBlIjoicmVmcmVzaCIsImV4cCI6MTYxMzU2MDIxNiwianRpIjoiZGQzYzczZTQ2ODk3NGNlNGFiNDUxN2VjZDBlOGRiYjEiLCJ1c2VyX2lkIjoxfQ.dMWuyrFeIohmV9paEXGGZVH-y5JgFrpeVl2RAC1ArYs", "created_at": null, "expires_at": "2021-02-17T11:10:16Z"}}, {"model": "token_blacklist.outstandingtoken", "pk": 161, "fields": {"user": null, "jti": "6cc1ea271d1e4079b8daf4fecceec914", "token": "eyJ0eXAiOiJKV1QiLCJhbGciOiJIUzI1NiJ9.eyJ0b2tlbl90eXBlIjoicmVmcmVzaCIsImV4cCI6MTYxMzU2MDIxNiwianRpIjoiNmNjMWVhMjcxZDFlNDA3OWI4ZGFmNGZlY2NlZWM5MTQiLCJ1c2VyX2lkIjoxfQ.I9cbeRsjyxvdVER95OzXk9oejAYvSvcBbzuvBKH9c2o", "created_at": null, "expires_at": "2021-02-17T11:10:16Z"}}, {"model": "token_blacklist.outstandingtoken", "pk": 162, "fields": {"user": null, "jti": "9a88de9bea934262ab5b0256bd103e96", "token": "eyJ0eXAiOiJKV1QiLCJhbGciOiJIUzI1NiJ9.eyJ0b2tlbl90eXBlIjoicmVmcmVzaCIsImV4cCI6MTYxMzU2MDIxNiwianRpIjoiOWE4OGRlOWJlYTkzNDI2MmFiNWIwMjU2YmQxMDNlOTYiLCJ1c2VyX2lkIjoxfQ.NpfugoDepQri1KRc1RJ9jA-9jHs7dHVCxDFKA9c5IfY", "created_at": null, "expires_at": "2021-02-17T11:10:16Z"}}, {"model": "token_blacklist.outstandingtoken", "pk": 163, "fields": {"user": null, "jti": "7d327cb0c644420b8c1fbfed402e2959", "token": "eyJ0eXAiOiJKV1QiLCJhbGciOiJIUzI1NiJ9.eyJ0b2tlbl90eXBlIjoicmVmcmVzaCIsImV4cCI6MTYxMzU2MDIxNiwianRpIjoiN2QzMjdjYjBjNjQ0NDIwYjhjMWZiZmVkNDAyZTI5NTkiLCJ1c2VyX2lkIjoxfQ.K-kdpRb_SFqRSy6vdnifNN2588WLPfiGmI9BQYXjZmU", "created_at": null, "expires_at": "2021-02-17T11:10:16Z"}}, {"model": "token_blacklist.outstandingtoken", "pk": 164, "fields": {"user": null, "jti": "9729a231d99b494b8da8960e2980f0b9", "token": "eyJ0eXAiOiJKV1QiLCJhbGciOiJIUzI1NiJ9.eyJ0b2tlbl90eXBlIjoicmVmcmVzaCIsImV4cCI6MTYxMzU2MDIxNiwianRpIjoiOTcyOWEyMzFkOTliNDk0YjhkYTg5NjBlMjk4MGYwYjkiLCJ1c2VyX2lkIjoxfQ.EaWA7bvOxgnzWwB11wotCueFiSYDjDqwhvGdLalJV-E", "created_at": null, "expires_at": "2021-02-17T11:10:16Z"}}, {"model": "token_blacklist.outstandingtoken", "pk": 165, "fields": {"user": null, "jti": "f4ada96db5994ccfa3704fd7107ecbea", "token": "eyJ0eXAiOiJKV1QiLCJhbGciOiJIUzI1NiJ9.eyJ0b2tlbl90eXBlIjoicmVmcmVzaCIsImV4cCI6MTYxMzU2MDIxNiwianRpIjoiZjRhZGE5NmRiNTk5NGNjZmEzNzA0ZmQ3MTA3ZWNiZWEiLCJ1c2VyX2lkIjoxfQ.AmwvJlla1oG4tNk2U_LDXf5g2Xt3dsDquEm5VEHkRAk", "created_at": null, "expires_at": "2021-02-17T11:10:16Z"}}, {"model": "token_blacklist.outstandingtoken", "pk": 166, "fields": {"user": null, "jti": "e0fa6761ec404a9a834fcf8c5c8b5515", "token": "eyJ0eXAiOiJKV1QiLCJhbGciOiJIUzI1NiJ9.eyJ0b2tlbl90eXBlIjoicmVmcmVzaCIsImV4cCI6MTYxMzU2MDIxNiwianRpIjoiZTBmYTY3NjFlYzQwNGE5YTgzNGZjZjhjNWM4YjU1MTUiLCJ1c2VyX2lkIjoxfQ.4iyrLzS8PZdX_VNLw838WNuzG1K3IJOUBAglH12KEHI", "created_at": null, "expires_at": "2021-02-17T11:10:16Z"}}, {"model": "token_blacklist.outstandingtoken", "pk": 167, "fields": {"user": null, "jti": "7a03e10219114abeaa36e44980fbdcc9", "token": "eyJ0eXAiOiJKV1QiLCJhbGciOiJIUzI1NiJ9.eyJ0b2tlbl90eXBlIjoicmVmcmVzaCIsImV4cCI6MTYxMzU2MDIxNiwianRpIjoiN2EwM2UxMDIxOTExNGFiZWFhMzZlNDQ5ODBmYmRjYzkiLCJ1c2VyX2lkIjoxfQ.VjqImD_qtMQvUD1f_DT7J0wXxMW6YFLTxgDb8fY61C8", "created_at": null, "expires_at": "2021-02-17T11:10:16Z"}}, {"model": "token_blacklist.outstandingtoken", "pk": 168, "fields": {"user": null, "jti": "7cacec0db7e443cc98675e9e0e84af0a", "token": "eyJ0eXAiOiJKV1QiLCJhbGciOiJIUzI1NiJ9.eyJ0b2tlbl90eXBlIjoicmVmcmVzaCIsImV4cCI6MTYxMzU2MDIxNiwianRpIjoiN2NhY2VjMGRiN2U0NDNjYzk4Njc1ZTllMGU4NGFmMGEiLCJ1c2VyX2lkIjoxfQ.Z-Ff8OMTgvEDIDmWQkiILRjtfkG3kPpqwasJh6i_Wrc", "created_at": null, "expires_at": "2021-02-17T11:10:16Z"}}, {"model": "token_blacklist.outstandingtoken", "pk": 169, "fields": {"user": null, "jti": "e05f9e3650244d95a11546de62962486", "token": "eyJ0eXAiOiJKV1QiLCJhbGciOiJIUzI1NiJ9.eyJ0b2tlbl90eXBlIjoicmVmcmVzaCIsImV4cCI6MTYxMzU2MDIxNiwianRpIjoiZTA1ZjllMzY1MDI0NGQ5NWExMTU0NmRlNjI5NjI0ODYiLCJ1c2VyX2lkIjoxfQ.I1YV_08wV4jggq0NXHP1L0sHFkJa_5v9ukkl__dAheM", "created_at": null, "expires_at": "2021-02-17T11:10:16Z"}}, {"model": "token_blacklist.outstandingtoken", "pk": 170, "fields": {"user": null, "jti": "4dd53d5aec4144baa2464f0c609b9c98", "token": "eyJ0eXAiOiJKV1QiLCJhbGciOiJIUzI1NiJ9.eyJ0b2tlbl90eXBlIjoicmVmcmVzaCIsImV4cCI6MTYxMzU2MDIxNiwianRpIjoiNGRkNTNkNWFlYzQxNDRiYWEyNDY0ZjBjNjA5YjljOTgiLCJ1c2VyX2lkIjoxfQ.O1BaWQTonIvU1KFEeLzGbyfni1XHGqEt9dlN_wEIc4k", "created_at": null, "expires_at": "2021-02-17T11:10:16Z"}}, {"model": "token_blacklist.outstandingtoken", "pk": 171, "fields": {"user": null, "jti": "0aed27d304d8428aa790b383d1b8d736", "token": "eyJ0eXAiOiJKV1QiLCJhbGciOiJIUzI1NiJ9.eyJ0b2tlbl90eXBlIjoicmVmcmVzaCIsImV4cCI6MTYxMzU2MDIxNiwianRpIjoiMGFlZDI3ZDMwNGQ4NDI4YWE3OTBiMzgzZDFiOGQ3MzYiLCJ1c2VyX2lkIjoxfQ.XFCzM9-lkCWep8wpmmLGVMaR5AOMPmBpdy_HcV7xO_k", "created_at": null, "expires_at": "2021-02-17T11:10:16Z"}}, {"model": "token_blacklist.outstandingtoken", "pk": 172, "fields": {"user": null, "jti": "48e718f78fda404e877a00029dafd5b0", "token": "eyJ0eXAiOiJKV1QiLCJhbGciOiJIUzI1NiJ9.eyJ0b2tlbl90eXBlIjoicmVmcmVzaCIsImV4cCI6MTYxMzU2MDIxNiwianRpIjoiNDhlNzE4Zjc4ZmRhNDA0ZTg3N2EwMDAyOWRhZmQ1YjAiLCJ1c2VyX2lkIjoxfQ.PiP0SKJrMvnYsrOLqcZvE1R3MDLtkTML-lG4ktejCAY", "created_at": null, "expires_at": "2021-02-17T11:10:16Z"}}, {"model": "token_blacklist.outstandingtoken", "pk": 173, "fields": {"user": null, "jti": "0ac28e58a7824bd18a34c12d2adc1749", "token": "eyJ0eXAiOiJKV1QiLCJhbGciOiJIUzI1NiJ9.eyJ0b2tlbl90eXBlIjoicmVmcmVzaCIsImV4cCI6MTYxMzU2MDIxNiwianRpIjoiMGFjMjhlNThhNzgyNGJkMThhMzRjMTJkMmFkYzE3NDkiLCJ1c2VyX2lkIjoxfQ.6B-tEvPabLsbTg1Z7csCOTdsAJu72tFItcxGI02gG3s", "created_at": null, "expires_at": "2021-02-17T11:10:16Z"}}, {"model": "token_blacklist.outstandingtoken", "pk": 174, "fields": {"user": null, "jti": "3c08f9dd272343d7b291f78d9444ced6", "token": "eyJ0eXAiOiJKV1QiLCJhbGciOiJIUzI1NiJ9.eyJ0b2tlbl90eXBlIjoicmVmcmVzaCIsImV4cCI6MTYxMzU2MDIxNiwianRpIjoiM2MwOGY5ZGQyNzIzNDNkN2IyOTFmNzhkOTQ0NGNlZDYiLCJ1c2VyX2lkIjoxfQ.gwAJktbiQ9McaoiKva2XASHjDNQFtJH46ciurAetefA", "created_at": null, "expires_at": "2021-02-17T11:10:16Z"}}, {"model": "token_blacklist.outstandingtoken", "pk": 175, "fields": {"user": null, "jti": "bd6f1d628d64409bb91e03c9d0a9f32e", "token": "eyJ0eXAiOiJKV1QiLCJhbGciOiJIUzI1NiJ9.eyJ0b2tlbl90eXBlIjoicmVmcmVzaCIsImV4cCI6MTYxMzU2MDIxNywianRpIjoiYmQ2ZjFkNjI4ZDY0NDA5YmI5MWUwM2M5ZDBhOWYzMmUiLCJ1c2VyX2lkIjoxfQ.Nlx77UoL3fb5QOGEezfdRkEiJZmd2iqboMmL0gP0p_0", "created_at": null, "expires_at": "2021-02-17T11:10:17Z"}}, {"model": "token_blacklist.outstandingtoken", "pk": 176, "fields": {"user": null, "jti": "56816352ad314bb8a7d3bf5b866bfb48", "token": "eyJ0eXAiOiJKV1QiLCJhbGciOiJIUzI1NiJ9.eyJ0b2tlbl90eXBlIjoicmVmcmVzaCIsImV4cCI6MTYxMzU2MDIxNywianRpIjoiNTY4MTYzNTJhZDMxNGJiOGE3ZDNiZjViODY2YmZiNDgiLCJ1c2VyX2lkIjoxfQ.6f5LTfXW_j9hzBK0C8wV-FYTiM0tpDPqHYTC-LIIbbw", "created_at": null, "expires_at": "2021-02-17T11:10:17Z"}}, {"model": "token_blacklist.outstandingtoken", "pk": 177, "fields": {"user": null, "jti": "412a9742bc7c4535968389103373e057", "token": "eyJ0eXAiOiJKV1QiLCJhbGciOiJIUzI1NiJ9.eyJ0b2tlbl90eXBlIjoicmVmcmVzaCIsImV4cCI6MTYxMzU2MDIxNywianRpIjoiNDEyYTk3NDJiYzdjNDUzNTk2ODM4OTEwMzM3M2UwNTciLCJ1c2VyX2lkIjoxfQ.fCzOTylfhPYjAHR_5OhBwkTCxYzA4WvkneT9E0Kc-tQ", "created_at": null, "expires_at": "2021-02-17T11:10:17Z"}}, {"model": "token_blacklist.outstandingtoken", "pk": 178, "fields": {"user": null, "jti": "d6dad6b3a6bc4251ac9fa27dea8f65df", "token": "eyJ0eXAiOiJKV1QiLCJhbGciOiJIUzI1NiJ9.eyJ0b2tlbl90eXBlIjoicmVmcmVzaCIsImV4cCI6MTYxMzU2MDIxNywianRpIjoiZDZkYWQ2YjNhNmJjNDI1MWFjOWZhMjdkZWE4ZjY1ZGYiLCJ1c2VyX2lkIjoxfQ.CmJEGQ7keIwXWDhhfiEUMSFmvAF4fLt3cYKfyCELQxc", "created_at": null, "expires_at": "2021-02-17T11:10:17Z"}}, {"model": "token_blacklist.outstandingtoken", "pk": 179, "fields": {"user": null, "jti": "e4014c8fd45043848f034f0ff4e8849c", "token": "eyJ0eXAiOiJKV1QiLCJhbGciOiJIUzI1NiJ9.eyJ0b2tlbl90eXBlIjoicmVmcmVzaCIsImV4cCI6MTYxMzU2MDIxNywianRpIjoiZTQwMTRjOGZkNDUwNDM4NDhmMDM0ZjBmZjRlODg0OWMiLCJ1c2VyX2lkIjoxfQ.XtmWlnMQZ_g1atbMvGR9T8BwQ3psiAjX6NE_Rr7FV2Q", "created_at": null, "expires_at": "2021-02-17T11:10:17Z"}}, {"model": "token_blacklist.outstandingtoken", "pk": 180, "fields": {"user": null, "jti": "df0db9b16dd0463b8677bc8135c201f2", "token": "eyJ0eXAiOiJKV1QiLCJhbGciOiJIUzI1NiJ9.eyJ0b2tlbl90eXBlIjoicmVmcmVzaCIsImV4cCI6MTYxMzU2MDIxNywianRpIjoiZGYwZGI5YjE2ZGQwNDYzYjg2NzdiYzgxMzVjMjAxZjIiLCJ1c2VyX2lkIjoxfQ.GoTQNxKEa9IS9NKYqjT-ljJ5DLXTM_ljXGwWLd5-5Co", "created_at": null, "expires_at": "2021-02-17T11:10:17Z"}}, {"model": "token_blacklist.outstandingtoken", "pk": 181, "fields": {"user": null, "jti": "6c10aad3eb814456a1b7a6ad31efb573", "token": "eyJ0eXAiOiJKV1QiLCJhbGciOiJIUzI1NiJ9.eyJ0b2tlbl90eXBlIjoicmVmcmVzaCIsImV4cCI6MTYxMzU2MDIxNywianRpIjoiNmMxMGFhZDNlYjgxNDQ1NmExYjdhNmFkMzFlZmI1NzMiLCJ1c2VyX2lkIjoxfQ.G-3uqk441y-M-tqAG8pWE7pQeKhFLS8zXLlB7LByAlg", "created_at": null, "expires_at": "2021-02-17T11:10:17Z"}}, {"model": "token_blacklist.outstandingtoken", "pk": 182, "fields": {"user": null, "jti": "5f7e66cd2d9c414f9a6d3414a57183d2", "token": "eyJ0eXAiOiJKV1QiLCJhbGciOiJIUzI1NiJ9.eyJ0b2tlbl90eXBlIjoicmVmcmVzaCIsImV4cCI6MTYxMzU2MDIxNywianRpIjoiNWY3ZTY2Y2QyZDljNDE0ZjlhNmQzNDE0YTU3MTgzZDIiLCJ1c2VyX2lkIjoxfQ.2Xdb_EX6BlJgAcI9AysjlL-GatRRZruLFSEwpc-o92Y", "created_at": null, "expires_at": "2021-02-17T11:10:17Z"}}, {"model": "token_blacklist.outstandingtoken", "pk": 183, "fields": {"user": null, "jti": "6d4930c41e624b6ab18453d50a9417b6", "token": "eyJ0eXAiOiJKV1QiLCJhbGciOiJIUzI1NiJ9.eyJ0b2tlbl90eXBlIjoicmVmcmVzaCIsImV4cCI6MTYxMzU2MDIxNywianRpIjoiNmQ0OTMwYzQxZTYyNGI2YWIxODQ1M2Q1MGE5NDE3YjYiLCJ1c2VyX2lkIjoxfQ.kkI4chTUdIV5p41qAXLAdqMqP72Pmw2Kmkm5JJ3gl7w", "created_at": null, "expires_at": "2021-02-17T11:10:17Z"}}, {"model": "token_blacklist.outstandingtoken", "pk": 184, "fields": {"user": null, "jti": "57dc93ddbe5f4a8b88d180fb94a4f683", "token": "eyJ0eXAiOiJKV1QiLCJhbGciOiJIUzI1NiJ9.eyJ0b2tlbl90eXBlIjoicmVmcmVzaCIsImV4cCI6MTYxMzU2MDIxNywianRpIjoiNTdkYzkzZGRiZTVmNGE4Yjg4ZDE4MGZiOTRhNGY2ODMiLCJ1c2VyX2lkIjoxfQ.9HA_7zHXk2ZyQUxi_RQIRobQgNbY2-gmKCv_lAwyLRE", "created_at": null, "expires_at": "2021-02-17T11:10:17Z"}}, {"model": "token_blacklist.outstandingtoken", "pk": 185, "fields": {"user": null, "jti": "804b29acf93947969d7e3b310ecebced", "token": "eyJ0eXAiOiJKV1QiLCJhbGciOiJIUzI1NiJ9.eyJ0b2tlbl90eXBlIjoicmVmcmVzaCIsImV4cCI6MTYxMzU2MDIxNywianRpIjoiODA0YjI5YWNmOTM5NDc5NjlkN2UzYjMxMGVjZWJjZWQiLCJ1c2VyX2lkIjoxfQ.z61j8FM4wUMVXR9Ec2MdXyO8TQvAlIfoOE1dkkPsy8Y", "created_at": null, "expires_at": "2021-02-17T11:10:17Z"}}, {"model": "token_blacklist.outstandingtoken", "pk": 186, "fields": {"user": null, "jti": "b4ba75b5361c4e64b6fd2b7eae117ab6", "token": "eyJ0eXAiOiJKV1QiLCJhbGciOiJIUzI1NiJ9.eyJ0b2tlbl90eXBlIjoicmVmcmVzaCIsImV4cCI6MTYxMzU2MDIxNywianRpIjoiYjRiYTc1YjUzNjFjNGU2NGI2ZmQyYjdlYWUxMTdhYjYiLCJ1c2VyX2lkIjoxfQ.YgXtGBLaqAw-rqe7eD8n2RKCaYfC4_5SFvEKlWSuTGs", "created_at": null, "expires_at": "2021-02-17T11:10:17Z"}}, {"model": "token_blacklist.outstandingtoken", "pk": 187, "fields": {"user": null, "jti": "2fc8b66bf77e405b97e666ef53d52cdd", "token": "eyJ0eXAiOiJKV1QiLCJhbGciOiJIUzI1NiJ9.eyJ0b2tlbl90eXBlIjoicmVmcmVzaCIsImV4cCI6MTYxMzU2MDIxNywianRpIjoiMmZjOGI2NmJmNzdlNDA1Yjk3ZTY2NmVmNTNkNTJjZGQiLCJ1c2VyX2lkIjoxfQ.Ukplf7h_alQpwn9vVl6r-H3Pd_aYOWmW572CBYlfRCg", "created_at": null, "expires_at": "2021-02-17T11:10:17Z"}}, {"model": "token_blacklist.outstandingtoken", "pk": 188, "fields": {"user": null, "jti": "69797fcc80fb4b0095fb7925ccee37e9", "token": "eyJ0eXAiOiJKV1QiLCJhbGciOiJIUzI1NiJ9.eyJ0b2tlbl90eXBlIjoicmVmcmVzaCIsImV4cCI6MTYxMzU2MDIxNywianRpIjoiNjk3OTdmY2M4MGZiNGIwMDk1ZmI3OTI1Y2NlZTM3ZTkiLCJ1c2VyX2lkIjoxfQ.97sOMOjlMVZYaHe-MeqCL7UtAah6uUiUO3ulwVJIWHg", "created_at": null, "expires_at": "2021-02-17T11:10:17Z"}}, {"model": "token_blacklist.outstandingtoken", "pk": 189, "fields": {"user": null, "jti": "de8247ccf9bc40f695456b21a8bdf50e", "token": "eyJ0eXAiOiJKV1QiLCJhbGciOiJIUzI1NiJ9.eyJ0b2tlbl90eXBlIjoicmVmcmVzaCIsImV4cCI6MTYxMzU2MDIxNywianRpIjoiZGU4MjQ3Y2NmOWJjNDBmNjk1NDU2YjIxYThiZGY1MGUiLCJ1c2VyX2lkIjoxfQ.uaZwSnllJEVnnkecHDTUkMLCl9PmQXXPWt7oH1x14Z0", "created_at": null, "expires_at": "2021-02-17T11:10:17Z"}}, {"model": "token_blacklist.outstandingtoken", "pk": 190, "fields": {"user": null, "jti": "13b24dbce19d49c68e9dd78040156792", "token": "eyJ0eXAiOiJKV1QiLCJhbGciOiJIUzI1NiJ9.eyJ0b2tlbl90eXBlIjoicmVmcmVzaCIsImV4cCI6MTYxMzU2MDIxOCwianRpIjoiMTNiMjRkYmNlMTlkNDljNjhlOWRkNzgwNDAxNTY3OTIiLCJ1c2VyX2lkIjoxfQ.kiOjcYdKdAZoGRJMg-AiLYL3cob6MQy_s2sO9rPidrI", "created_at": null, "expires_at": "2021-02-17T11:10:18Z"}}, {"model": "token_blacklist.outstandingtoken", "pk": 191, "fields": {"user": null, "jti": "334b4803277b4b44a0e7d49544121e35", "token": "eyJ0eXAiOiJKV1QiLCJhbGciOiJIUzI1NiJ9.eyJ0b2tlbl90eXBlIjoicmVmcmVzaCIsImV4cCI6MTYxMzU2MDIxOCwianRpIjoiMzM0YjQ4MDMyNzdiNGI0NGEwZTdkNDk1NDQxMjFlMzUiLCJ1c2VyX2lkIjoxfQ.u2UlEY75FgoTgJspzA_d3QPdRqtJgvTYQDlAaDlMxvU", "created_at": null, "expires_at": "2021-02-17T11:10:18Z"}}, {"model": "token_blacklist.outstandingtoken", "pk": 192, "fields": {"user": null, "jti": "6c921b6e4ae543b08322293c765fceab", "token": "eyJ0eXAiOiJKV1QiLCJhbGciOiJIUzI1NiJ9.eyJ0b2tlbl90eXBlIjoicmVmcmVzaCIsImV4cCI6MTYxMzU2MDIxOCwianRpIjoiNmM5MjFiNmU0YWU1NDNiMDgzMjIyOTNjNzY1ZmNlYWIiLCJ1c2VyX2lkIjoxfQ.pL_WCK36umr8KmTpvqj1otmdr2uKkX4QNQ_m93ElADA", "created_at": null, "expires_at": "2021-02-17T11:10:18Z"}}, {"model": "token_blacklist.outstandingtoken", "pk": 193, "fields": {"user": null, "jti": "a12e55ddfcee4526803291f145c8cf5c", "token": "eyJ0eXAiOiJKV1QiLCJhbGciOiJIUzI1NiJ9.eyJ0b2tlbl90eXBlIjoicmVmcmVzaCIsImV4cCI6MTYxMzU2MDIxOCwianRpIjoiYTEyZTU1ZGRmY2VlNDUyNjgwMzI5MWYxNDVjOGNmNWMiLCJ1c2VyX2lkIjoxfQ.dv26u0EHHNO_IsKGkqH0mSvRL5zkquAMzpVII2PuyN0", "created_at": null, "expires_at": "2021-02-17T11:10:18Z"}}, {"model": "token_blacklist.outstandingtoken", "pk": 194, "fields": {"user": null, "jti": "fb7724e78c6849b3a1812673ca339e62", "token": "eyJ0eXAiOiJKV1QiLCJhbGciOiJIUzI1NiJ9.eyJ0b2tlbl90eXBlIjoicmVmcmVzaCIsImV4cCI6MTYxMzU2MDIxOCwianRpIjoiZmI3NzI0ZTc4YzY4NDliM2ExODEyNjczY2EzMzllNjIiLCJ1c2VyX2lkIjoxfQ.ZtxpkRuZtajwNeVsNoPTnBoufDUn_UHGQY_x3pYZwnE", "created_at": null, "expires_at": "2021-02-17T11:10:18Z"}}, {"model": "token_blacklist.outstandingtoken", "pk": 195, "fields": {"user": null, "jti": "02f6c9e37eed420e9bb5ee58a48b663d", "token": "eyJ0eXAiOiJKV1QiLCJhbGciOiJIUzI1NiJ9.eyJ0b2tlbl90eXBlIjoicmVmcmVzaCIsImV4cCI6MTYxMzU2MDIxOCwianRpIjoiMDJmNmM5ZTM3ZWVkNDIwZTliYjVlZTU4YTQ4YjY2M2QiLCJ1c2VyX2lkIjoxfQ.qgDHCmrdVmQLs_GGqvGTRlXzrgfEZK4V1nCJlmOunzY", "created_at": null, "expires_at": "2021-02-17T11:10:18Z"}}, {"model": "token_blacklist.outstandingtoken", "pk": 196, "fields": {"user": null, "jti": "b8d6fad0c7e64f6eafe4e5fda83895f0", "token": "eyJ0eXAiOiJKV1QiLCJhbGciOiJIUzI1NiJ9.eyJ0b2tlbl90eXBlIjoicmVmcmVzaCIsImV4cCI6MTYxMzU2MDIxOCwianRpIjoiYjhkNmZhZDBjN2U2NGY2ZWFmZTRlNWZkYTgzODk1ZjAiLCJ1c2VyX2lkIjoxfQ.CFE3x3D0Z2J3fCUZboNwM5IL697T5ucSBACgd_Kp4oI", "created_at": null, "expires_at": "2021-02-17T11:10:18Z"}}, {"model": "token_blacklist.outstandingtoken", "pk": 197, "fields": {"user": null, "jti": "e16a064aef104720950e94af4a8d283c", "token": "eyJ0eXAiOiJKV1QiLCJhbGciOiJIUzI1NiJ9.eyJ0b2tlbl90eXBlIjoicmVmcmVzaCIsImV4cCI6MTYxMzU2MDIxOCwianRpIjoiZTE2YTA2NGFlZjEwNDcyMDk1MGU5NGFmNGE4ZDI4M2MiLCJ1c2VyX2lkIjoxfQ.NbMHvzyzT-_RnKp3GHpDSBkdjllFKykt-xs3HCMQUcQ", "created_at": null, "expires_at": "2021-02-17T11:10:18Z"}}, {"model": "token_blacklist.outstandingtoken", "pk": 198, "fields": {"user": null, "jti": "b70c9f8aa13441b0a7f4f68f8e9d4757", "token": "eyJ0eXAiOiJKV1QiLCJhbGciOiJIUzI1NiJ9.eyJ0b2tlbl90eXBlIjoicmVmcmVzaCIsImV4cCI6MTYxMzU2MDIxOCwianRpIjoiYjcwYzlmOGFhMTM0NDFiMGE3ZjRmNjhmOGU5ZDQ3NTciLCJ1c2VyX2lkIjoxfQ.nX8Xj0jGVYsCwWxXNn3DxmhPo6PpNz1xpxpny0qYPBA", "created_at": null, "expires_at": "2021-02-17T11:10:18Z"}}, {"model": "token_blacklist.outstandingtoken", "pk": 199, "fields": {"user": null, "jti": "dfe029e47be24de6a7f16e3b61c54df0", "token": "eyJ0eXAiOiJKV1QiLCJhbGciOiJIUzI1NiJ9.eyJ0b2tlbl90eXBlIjoicmVmcmVzaCIsImV4cCI6MTYxMzU2MDIxOCwianRpIjoiZGZlMDI5ZTQ3YmUyNGRlNmE3ZjE2ZTNiNjFjNTRkZjAiLCJ1c2VyX2lkIjoxfQ.QIMStmCBUXeLisi5EsdRNuRAWxKJStdp-znYy3ZzZyw", "created_at": null, "expires_at": "2021-02-17T11:10:18Z"}}, {"model": "token_blacklist.outstandingtoken", "pk": 200, "fields": {"user": null, "jti": "cd131bfa26a447a299b8868242d1832a", "token": "eyJ0eXAiOiJKV1QiLCJhbGciOiJIUzI1NiJ9.eyJ0b2tlbl90eXBlIjoicmVmcmVzaCIsImV4cCI6MTYxMzU2MDIxOCwianRpIjoiY2QxMzFiZmEyNmE0NDdhMjk5Yjg4NjgyNDJkMTgzMmEiLCJ1c2VyX2lkIjoxfQ.zKARpWj19pnsYMl_rH7hRxrjwN2ti7c_l-IxmrX_gBw", "created_at": null, "expires_at": "2021-02-17T11:10:18Z"}}, {"model": "token_blacklist.outstandingtoken", "pk": 201, "fields": {"user": null, "jti": "1d2dcd3eb35a49d2bd019a6912e044a2", "token": "eyJ0eXAiOiJKV1QiLCJhbGciOiJIUzI1NiJ9.eyJ0b2tlbl90eXBlIjoicmVmcmVzaCIsImV4cCI6MTYxMzU2MDIxOCwianRpIjoiMWQyZGNkM2ViMzVhNDlkMmJkMDE5YTY5MTJlMDQ0YTIiLCJ1c2VyX2lkIjoxfQ.t53IOxN2X4qXk7YxCK33D-KxHgzld9l0IYpjz79wgvI", "created_at": null, "expires_at": "2021-02-17T11:10:18Z"}}, {"model": "token_blacklist.outstandingtoken", "pk": 202, "fields": {"user": null, "jti": "ff746f93aa25405e918e4fa4a4406728", "token": "eyJ0eXAiOiJKV1QiLCJhbGciOiJIUzI1NiJ9.eyJ0b2tlbl90eXBlIjoicmVmcmVzaCIsImV4cCI6MTYxMzU2MDIxOCwianRpIjoiZmY3NDZmOTNhYTI1NDA1ZTkxOGU0ZmE0YTQ0MDY3MjgiLCJ1c2VyX2lkIjoxfQ.cAbGShlolIrfvAtaq6SXA3mlhGN3AP2BrjXUBYDUP60", "created_at": null, "expires_at": "2021-02-17T11:10:18Z"}}, {"model": "token_blacklist.outstandingtoken", "pk": 203, "fields": {"user": 1, "jti": "cf22b7ba6a5e4c6898bcf257c899d608", "token": "eyJ0eXAiOiJKV1QiLCJhbGciOiJIUzI1NiJ9.eyJ0b2tlbl90eXBlIjoicmVmcmVzaCIsImV4cCI6MTYxMzU2MDI0NCwianRpIjoiY2YyMmI3YmE2YTVlNGM2ODk4YmNmMjU3Yzg5OWQ2MDgiLCJ1c2VyX2lkIjoxfQ.yyBFQpn8m2qGNLAM_gwB23upuUPK6IDvUi3HQeqv6F8", "created_at": "2021-01-18T11:10:44.720Z", "expires_at": "2021-02-17T11:10:44Z"}}, {"model": "token_blacklist.outstandingtoken", "pk": 204, "fields": {"user": null, "jti": "00df64929a0a4578b8bc41b6ecc27efc", "token": "eyJ0eXAiOiJKV1QiLCJhbGciOiJIUzI1NiJ9.eyJ0b2tlbl90eXBlIjoicmVmcmVzaCIsImV4cCI6MTYxMzU2MDMwNywianRpIjoiMDBkZjY0OTI5YTBhNDU3OGI4YmM0MWI2ZWNjMjdlZmMiLCJ1c2VyX2lkIjoxfQ.tzxA1MdabFpRXlbZ5KvrZcl7eFy4pBEU3npMbVQbZSI", "created_at": null, "expires_at": "2021-02-17T11:11:47Z"}}, {"model": "token_blacklist.outstandingtoken", "pk": 205, "fields": {"user": null, "jti": "61be70a9863c4c688b433df93e1bd8db", "token": "eyJ0eXAiOiJKV1QiLCJhbGciOiJIUzI1NiJ9.eyJ0b2tlbl90eXBlIjoicmVmcmVzaCIsImV4cCI6MTYxMzU2MDYwOCwianRpIjoiNjFiZTcwYTk4NjNjNGM2ODhiNDMzZGY5M2UxYmQ4ZGIiLCJ1c2VyX2lkIjoxfQ.mrbA9t7vYSWBJ4rga4cx4gkuUU6kdBoGNi1y09vojvk", "created_at": null, "expires_at": "2021-02-17T11:16:48Z"}}, {"model": "token_blacklist.outstandingtoken", "pk": 206, "fields": {"user": 1, "jti": "5760d790578042db82d964033ae0b4f3", "token": "eyJ0eXAiOiJKV1QiLCJhbGciOiJIUzI1NiJ9.eyJ0b2tlbl90eXBlIjoicmVmcmVzaCIsImV4cCI6MTYxMzU2MDYxNSwianRpIjoiNTc2MGQ3OTA1NzgwNDJkYjgyZDk2NDAzM2FlMGI0ZjMiLCJ1c2VyX2lkIjoxfQ.hMipWQVuzQh2qsWAB6hdlwN7Ka6ND954IXe7MwsEMio", "created_at": "2021-01-18T11:16:55.347Z", "expires_at": "2021-02-17T11:16:55Z"}}, {"model": "token_blacklist.outstandingtoken", "pk": 207, "fields": {"user": null, "jti": "cbd4c4c83de44c43a3b174e21b2ab242", "token": "eyJ0eXAiOiJKV1QiLCJhbGciOiJIUzI1NiJ9.eyJ0b2tlbl90eXBlIjoicmVmcmVzaCIsImV4cCI6MTYxMzU2MDcyNiwianRpIjoiY2JkNGM0YzgzZGU0NGM0M2EzYjE3NGUyMWIyYWIyNDIiLCJ1c2VyX2lkIjoxfQ.M3Q7yT4UpQ_ubjFUP0Rl1utRlGgc_YLS5WNZGSRcehE", "created_at": null, "expires_at": "2021-02-17T11:18:46Z"}}, {"model": "token_blacklist.outstandingtoken", "pk": 208, "fields": {"user": null, "jti": "88f924f0d2684b3dafdda72e21160562", "token": "eyJ0eXAiOiJKV1QiLCJhbGciOiJIUzI1NiJ9.eyJ0b2tlbl90eXBlIjoicmVmcmVzaCIsImV4cCI6MTYxMzU2MDg1MCwianRpIjoiODhmOTI0ZjBkMjY4NGIzZGFmZGRhNzJlMjExNjA1NjIiLCJ1c2VyX2lkIjoxfQ.1yyzkdtniq1f8S9ZiQa1_xT2ezv1TlWe2I_O928QUGs", "created_at": null, "expires_at": "2021-02-17T11:20:50Z"}}, {"model": "token_blacklist.outstandingtoken", "pk": 209, "fields": {"user": null, "jti": "95138b90fdee4668acb0efce06a27f7a", "token": "eyJ0eXAiOiJKV1QiLCJhbGciOiJIUzI1NiJ9.eyJ0b2tlbl90eXBlIjoicmVmcmVzaCIsImV4cCI6MTYxMzU2MjUzNiwianRpIjoiOTUxMzhiOTBmZGVlNDY2OGFjYjBlZmNlMDZhMjdmN2EiLCJ1c2VyX2lkIjoxfQ.U6DHdK-06BVSz8sP7wzhHZQldosfJmxQD5XMlosEwvA", "created_at": null, "expires_at": "2021-02-17T11:48:56Z"}}, {"model": "token_blacklist.outstandingtoken", "pk": 210, "fields": {"user": null, "jti": "1bb35c120adb46dea711f1c1e9b02518", "token": "eyJ0eXAiOiJKV1QiLCJhbGciOiJIUzI1NiJ9.eyJ0b2tlbl90eXBlIjoicmVmcmVzaCIsImV4cCI6MTYxMzU2Mjc3NCwianRpIjoiMWJiMzVjMTIwYWRiNDZkZWE3MTFmMWMxZTliMDI1MTgiLCJ1c2VyX2lkIjoxfQ.4tFmsCP0EcVjg5PHPWhTZkhP1HU_EG8fRCcxraCmIY0", "created_at": null, "expires_at": "2021-02-17T11:52:54Z"}}, {"model": "token_blacklist.outstandingtoken", "pk": 211, "fields": {"user": null, "jti": "a47c18e6554a499ab8f02f7910997c06", "token": "eyJ0eXAiOiJKV1QiLCJhbGciOiJIUzI1NiJ9.eyJ0b2tlbl90eXBlIjoicmVmcmVzaCIsImV4cCI6MTYxMzU2ODQxOSwianRpIjoiYTQ3YzE4ZTY1NTRhNDk5YWI4ZjAyZjc5MTA5OTdjMDYiLCJ1c2VyX2lkIjoxfQ.Pr73ttSfU12fJ0nS90huH4PG-Lb_-UPxPdHUjYbxZC4", "created_at": null, "expires_at": "2021-02-17T13:26:59Z"}}, {"model": "token_blacklist.outstandingtoken", "pk": 212, "fields": {"user": null, "jti": "eeb71836088b44daa3845997dbcd7270", "token": "eyJ0eXAiOiJKV1QiLCJhbGciOiJIUzI1NiJ9.eyJ0b2tlbl90eXBlIjoicmVmcmVzaCIsImV4cCI6MTYxMzU2ODgzNCwianRpIjoiZWViNzE4MzYwODhiNDRkYWEzODQ1OTk3ZGJjZDcyNzAiLCJ1c2VyX2lkIjoxfQ.de_BgJ3AO8yVOiHHAN_aNsabrijNfzfjw6QO8_r8sjM", "created_at": null, "expires_at": "2021-02-17T13:33:54Z"}}, {"model": "token_blacklist.outstandingtoken", "pk": 213, "fields": {"user": null, "jti": "1c4099693f8949d1af219b1b76b3d9ce", "token": "eyJ0eXAiOiJKV1QiLCJhbGciOiJIUzI1NiJ9.eyJ0b2tlbl90eXBlIjoicmVmcmVzaCIsImV4cCI6MTYxMzU3MDU4NCwianRpIjoiMWM0MDk5NjkzZjg5NDlkMWFmMjE5YjFiNzZiM2Q5Y2UiLCJ1c2VyX2lkIjoxfQ.RJpv668QftzKBp__f6FKZqE7Ghf2DDyYlI6_1WnDDAw", "created_at": null, "expires_at": "2021-02-17T14:03:04Z"}}, {"model": "token_blacklist.outstandingtoken", "pk": 214, "fields": {"user": null, "jti": "04411f16b14a456bbd44cdc5a2ef31f0", "token": "eyJ0eXAiOiJKV1QiLCJhbGciOiJIUzI1NiJ9.eyJ0b2tlbl90eXBlIjoicmVmcmVzaCIsImV4cCI6MTYxMzU3MDY3NywianRpIjoiMDQ0MTFmMTZiMTRhNDU2YmJkNDRjZGM1YTJlZjMxZjAiLCJ1c2VyX2lkIjoxfQ.3xlvuQW9W2fd9nENyUWQgFbnr6gtbqpT6nAhiC-CiAI", "created_at": null, "expires_at": "2021-02-17T14:04:37Z"}}, {"model": "token_blacklist.outstandingtoken", "pk": 215, "fields": {"user": null, "jti": "c5e06a578e9f4f3785b8da514a58e996", "token": "eyJ0eXAiOiJKV1QiLCJhbGciOiJIUzI1NiJ9.eyJ0b2tlbl90eXBlIjoicmVmcmVzaCIsImV4cCI6MTYxMzU3MDc0NiwianRpIjoiYzVlMDZhNTc4ZTlmNGYzNzg1YjhkYTUxNGE1OGU5OTYiLCJ1c2VyX2lkIjoxfQ._2O3UpsyORFpvBGmjhN8Y6oKYsXMZjqYcU9M-4mOVao", "created_at": null, "expires_at": "2021-02-17T14:05:46Z"}}, {"model": "token_blacklist.outstandingtoken", "pk": 216, "fields": {"user": 1, "jti": "1f7d76abf0794db6b4b456e93ede3c26", "token": "eyJ0eXAiOiJKV1QiLCJhbGciOiJIUzI1NiJ9.eyJ0b2tlbl90eXBlIjoicmVmcmVzaCIsImV4cCI6MTYxMzU3MDc4NywianRpIjoiMWY3ZDc2YWJmMDc5NGRiNmI0YjQ1NmU5M2VkZTNjMjYiLCJ1c2VyX2lkIjoxfQ.3U053DIvTNrhFtYuwOWtAAFScdBTrJFhiE3OJLAoMUE", "created_at": "2021-01-18T14:06:27.992Z", "expires_at": "2021-02-17T14:06:27Z"}}, {"model": "token_blacklist.outstandingtoken", "pk": 217, "fields": {"user": null, "jti": "fd0f3e1f281c496e8e77346114f56ae4", "token": "eyJ0eXAiOiJKV1QiLCJhbGciOiJIUzI1NiJ9.eyJ0b2tlbl90eXBlIjoicmVmcmVzaCIsImV4cCI6MTYxMzcwOTU4NywianRpIjoiZmQwZjNlMWYyODFjNDk2ZThlNzczNDYxMTRmNTZhZTQifQ.qNhsqztO1E7PMYG0bSxfypcxROGV0fHe2M20ezc-c2Y", "created_at": null, "expires_at": "2021-02-19T04:39:47Z"}}, {"model": "token_blacklist.outstandingtoken", "pk": 218, "fields": {"user": 1, "jti": "ab1acee29f5548a9835c73d80638050c", "token": "eyJ0eXAiOiJKV1QiLCJhbGciOiJIUzI1NiJ9.eyJ0b2tlbl90eXBlIjoicmVmcmVzaCIsImV4cCI6MTYxMzcxMDMxNCwianRpIjoiYWIxYWNlZTI5ZjU1NDhhOTgzNWM3M2Q4MDYzODA1MGMiLCJ1c2VyX2lkIjoxfQ.Drsuf4ocRE9XWAdhcoGyQ5eOyTpmShQHwPyJ2120vhY", "created_at": "2021-01-20T04:51:54.126Z", "expires_at": "2021-02-19T04:51:54Z"}}, {"model": "token_blacklist.outstandingtoken", "pk": 219, "fields": {"user": 1, "jti": "0d843524e67c40d9b304792df916be04", "token": "eyJ0eXAiOiJKV1QiLCJhbGciOiJIUzI1NiJ9.eyJ0b2tlbl90eXBlIjoicmVmcmVzaCIsImV4cCI6MTYxMzcxMDUyMywianRpIjoiMGQ4NDM1MjRlNjdjNDBkOWIzMDQ3OTJkZjkxNmJlMDQiLCJ1c2VyX2lkIjoxfQ.7wTYk-rNl2oVj8xptESEu0YVs5skt8Z6CsKoZHRbU7I", "created_at": "2021-01-20T04:55:23.465Z", "expires_at": "2021-02-19T04:55:23Z"}}, {"model": "token_blacklist.outstandingtoken", "pk": 220, "fields": {"user": null, "jti": "2b764e061b2449a7a7947dbe5c4a5b5c", "token": "eyJ0eXAiOiJKV1QiLCJhbGciOiJIUzI1NiJ9.eyJ0b2tlbl90eXBlIjoicmVmcmVzaCIsImV4cCI6MTYxMzcxMDU5NSwianRpIjoiMmI3NjRlMDYxYjI0NDlhN2E3OTQ3ZGJlNWM0YTViNWMiLCJ1c2VyX2lkIjoxfQ.b4PfqPuQBAQXxH4Vl_7TWxma0ou9jdvmcPg1OLYJWhc", "created_at": null, "expires_at": "2021-02-19T04:56:35Z"}}, {"model": "token_blacklist.outstandingtoken", "pk": 221, "fields": {"user": null, "jti": "c2b28bdd3ab347f19e1d827f2e31214d", "token": "eyJ0eXAiOiJKV1QiLCJhbGciOiJIUzI1NiJ9.eyJ0b2tlbl90eXBlIjoicmVmcmVzaCIsImV4cCI6MTYxMzcxMDY2MiwianRpIjoiYzJiMjhiZGQzYWIzNDdmMTllMWQ4MjdmMmUzMTIxNGQiLCJ1c2VyX2lkIjoxfQ.whb7gqG_o0-or15NSH35uzZRyvojTMYcjD3JSx9IqgM", "created_at": null, "expires_at": "2021-02-19T04:57:42Z"}}, {"model": "token_blacklist.outstandingtoken", "pk": 222, "fields": {"user": null, "jti": "170a4a7f80e74c668bd4b3419eaa4f16", "token": "eyJ0eXAiOiJKV1QiLCJhbGciOiJIUzI1NiJ9.eyJ0b2tlbl90eXBlIjoicmVmcmVzaCIsImV4cCI6MTYxMzcxMDc0NywianRpIjoiMTcwYTRhN2Y4MGU3NGM2NjhiZDRiMzQxOWVhYTRmMTYiLCJ1c2VyX2lkIjoxfQ.tqD3BLd5ftvc1qJIBejhMIQyiGSQuQFoutkQylNot3o", "created_at": null, "expires_at": "2021-02-19T04:59:07Z"}}, {"model": "token_blacklist.outstandingtoken", "pk": 223, "fields": {"user": null, "jti": "9fae0f3c9e16439e8b668ed232300fe7", "token": "eyJ0eXAiOiJKV1QiLCJhbGciOiJIUzI1NiJ9.eyJ0b2tlbl90eXBlIjoicmVmcmVzaCIsImV4cCI6MTYxMzcxMDgwOCwianRpIjoiOWZhZTBmM2M5ZTE2NDM5ZThiNjY4ZWQyMzIzMDBmZTciLCJ1c2VyX2lkIjoxfQ.t71g1uwqwN8DIQ1ZYLRkdgV3VlumwXUjKCd0eCpdTLw", "created_at": null, "expires_at": "2021-02-19T05:00:08Z"}}, {"model": "token_blacklist.outstandingtoken", "pk": 224, "fields": {"user": null, "jti": "25ca6c47694248e3ad8642bb507ab6f3", "token": "eyJ0eXAiOiJKV1QiLCJhbGciOiJIUzI1NiJ9.eyJ0b2tlbl90eXBlIjoicmVmcmVzaCIsImV4cCI6MTYxMzcxMDg3NCwianRpIjoiMjVjYTZjNDc2OTQyNDhlM2FkODY0MmJiNTA3YWI2ZjMiLCJ1c2VyX2lkIjoxfQ.UAlnEdk9ODwiPw1YCosYFl5gnMblbHsom_tLXQnxduc", "created_at": null, "expires_at": "2021-02-19T05:01:14Z"}}, {"model": "token_blacklist.outstandingtoken", "pk": 225, "fields": {"user": null, "jti": "8b1fcf5e62674c5f948de6eec90f890b", "token": "eyJ0eXAiOiJKV1QiLCJhbGciOiJIUzI1NiJ9.eyJ0b2tlbl90eXBlIjoicmVmcmVzaCIsImV4cCI6MTYxMzcxMDkzOSwianRpIjoiOGIxZmNmNWU2MjY3NGM1Zjk0OGRlNmVlYzkwZjg5MGIiLCJ1c2VyX2lkIjoxfQ.bJ2OYCJdGjFVxfemnYeDubfQNMU52EP8R-8CqJRxNYk", "created_at": null, "expires_at": "2021-02-19T05:02:19Z"}}, {"model": "token_blacklist.outstandingtoken", "pk": 226, "fields": {"user": null, "jti": "9f5a2c39a8f6499b826fadd264599704", "token": "eyJ0eXAiOiJKV1QiLCJhbGciOiJIUzI1NiJ9.eyJ0b2tlbl90eXBlIjoicmVmcmVzaCIsImV4cCI6MTYxMzcxMTcyMywianRpIjoiOWY1YTJjMzlhOGY2NDk5YjgyNmZhZGQyNjQ1OTk3MDQiLCJ1c2VyX2lkIjoxfQ.t_lL72mdNq0zNb1iU7Mq11P_h5PUxYgvPjBOyATZBKE", "created_at": null, "expires_at": "2021-02-19T05:15:23Z"}}, {"model": "token_blacklist.outstandingtoken", "pk": 227, "fields": {"user": 1, "jti": "8c015e53116b4831a400a37f88d34be4", "token": "eyJ0eXAiOiJKV1QiLCJhbGciOiJIUzI1NiJ9.eyJ0b2tlbl90eXBlIjoicmVmcmVzaCIsImV4cCI6MTYxMzcxMTcyOSwianRpIjoiOGMwMTVlNTMxMTZiNDgzMWE0MDBhMzdmODhkMzRiZTQiLCJ1c2VyX2lkIjoxfQ.asDTMoBmzwlfhlf9eiQ3PlstLaDOj2koQxRZBLMwsjk", "created_at": "2021-01-20T05:15:29.788Z", "expires_at": "2021-02-19T05:15:29Z"}}, {"model": "token_blacklist.outstandingtoken", "pk": 228, "fields": {"user": null, "jti": "b9ba5b85419e48ca89b24ed506d9556b", "token": "eyJ0eXAiOiJKV1QiLCJhbGciOiJIUzI1NiJ9.eyJ0b2tlbl90eXBlIjoicmVmcmVzaCIsImV4cCI6MTYxMzcxMTc3NSwianRpIjoiYjliYTViODU0MTllNDhjYTg5YjI0ZWQ1MDZkOTU1NmIifQ.KHmpkKPeOGjv99FX2w8BrzYf1CE2qyUWEvwlQ4Isolw", "created_at": null, "expires_at": "2021-02-19T05:16:15Z"}}, {"model": "token_blacklist.outstandingtoken", "pk": 229, "fields": {"user": 1, "jti": "9029ff0560cd49b7a2b073484df4f0a9", "token": "eyJ0eXAiOiJKV1QiLCJhbGciOiJIUzI1NiJ9.eyJ0b2tlbl90eXBlIjoicmVmcmVzaCIsImV4cCI6MTYxMzcxMTc4NSwianRpIjoiOTAyOWZmMDU2MGNkNDliN2EyYjA3MzQ4NGRmNGYwYTkiLCJ1c2VyX2lkIjoxfQ.GhmydJAlxuv1s8ZE0FhS1CkTzss0hdkJh6rwqcVHyuk", "created_at": "2021-01-20T05:16:25.497Z", "expires_at": "2021-02-19T05:16:25Z"}}, {"model": "token_blacklist.outstandingtoken", "pk": 230, "fields": {"user": null, "jti": "ea4708dd15c3486c877d5f6a66d5c98e", "token": "eyJ0eXAiOiJKV1QiLCJhbGciOiJIUzI1NiJ9.eyJ0b2tlbl90eXBlIjoicmVmcmVzaCIsImV4cCI6MTYxMzcxMTg2MSwianRpIjoiZWE0NzA4ZGQxNWMzNDg2Yzg3N2Q1ZjZhNjZkNWM5OGUiLCJ1c2VyX2lkIjoxfQ.A-pHcSH-1V8h43vXA0Ez-fqntZKIrAj009Q_anU7rZY", "created_at": null, "expires_at": "2021-02-19T05:17:41Z"}}, {"model": "token_blacklist.outstandingtoken", "pk": 231, "fields": {"user": null, "jti": "35c3beb6f4344e4c8075ca27b53dd725", "token": "eyJ0eXAiOiJKV1QiLCJhbGciOiJIUzI1NiJ9.eyJ0b2tlbl90eXBlIjoicmVmcmVzaCIsImV4cCI6MTYxMzcxNTM1MiwianRpIjoiMzVjM2JlYjZmNDM0NGU0YzgwNzVjYTI3YjUzZGQ3MjUiLCJ1c2VyX2lkIjoxfQ.CdK7bu8VVwX7hsWScoqCxBSLLjwz0JP3L1Ge6Jg41Ko", "created_at": null, "expires_at": "2021-02-19T06:15:52Z"}}, {"model": "token_blacklist.outstandingtoken", "pk": 232, "fields": {"user": 1, "jti": "31368d747e7344d8bc5205cf6fb77673", "token": "eyJ0eXAiOiJKV1QiLCJhbGciOiJIUzI1NiJ9.eyJ0b2tlbl90eXBlIjoicmVmcmVzaCIsImV4cCI6MTYxMzcxNzI1OCwianRpIjoiMzEzNjhkNzQ3ZTczNDRkOGJjNTIwNWNmNmZiNzc2NzMiLCJ1c2VyX2lkIjoxfQ.5qjCSGCcWhO6QlhLNt8Nha_wopOS_wEOTtiRjkOSJZc", "created_at": "2021-01-20T06:47:38.637Z", "expires_at": "2021-02-19T06:47:38Z"}}, {"model": "token_blacklist.outstandingtoken", "pk": 233, "fields": {"user": 1, "jti": "e9fe6a14f5d742d3923f140342f4f225", "token": "eyJ0eXAiOiJKV1QiLCJhbGciOiJIUzI1NiJ9.eyJ0b2tlbl90eXBlIjoicmVmcmVzaCIsImV4cCI6MTYxMzcxNzc3NywianRpIjoiZTlmZTZhMTRmNWQ3NDJkMzkyM2YxNDAzNDJmNGYyMjUiLCJ1c2VyX2lkIjoxfQ.dCUXplOklB8-fOSGKQO_BICMFmDAnrSaX-ljAHXpp4o", "created_at": "2021-01-20T06:56:17.606Z", "expires_at": "2021-02-19T06:56:17Z"}}, {"model": "token_blacklist.outstandingtoken", "pk": 234, "fields": {"user": 1, "jti": "cee8632505f242298c57caaa71761a6a", "token": "eyJ0eXAiOiJKV1QiLCJhbGciOiJIUzI1NiJ9.eyJ0b2tlbl90eXBlIjoicmVmcmVzaCIsImV4cCI6MTYxMzcxNzc4MSwianRpIjoiY2VlODYzMjUwNWYyNDIyOThjNTdjYWFhNzE3NjFhNmEiLCJ1c2VyX2lkIjoxfQ.-1-Yk7NHN_qZKzaxZerUKJSUcaA9bAAxhzJvBUQIVHU", "created_at": "2021-01-20T06:56:21.567Z", "expires_at": "2021-02-19T06:56:21Z"}}, {"model": "token_blacklist.outstandingtoken", "pk": 235, "fields": {"user": 1, "jti": "d33b1a7f15734b009460806b7d742bff", "token": "eyJ0eXAiOiJKV1QiLCJhbGciOiJIUzI1NiJ9.eyJ0b2tlbl90eXBlIjoicmVmcmVzaCIsImV4cCI6MTYxMzcxODUzOCwianRpIjoiZDMzYjFhN2YxNTczNGIwMDk0NjA4MDZiN2Q3NDJiZmYiLCJ1c2VyX2lkIjoxfQ.MrhVBP7iYNGrtK-gfFEtKHS5KRogPyS94V_7MAw3r_w", "created_at": "2021-01-20T07:08:58.935Z", "expires_at": "2021-02-19T07:08:58Z"}}, {"model": "token_blacklist.outstandingtoken", "pk": 236, "fields": {"user": 1, "jti": "931da0225476458280433e2f109f3b9c", "token": "eyJ0eXAiOiJKV1QiLCJhbGciOiJIUzI1NiJ9.eyJ0b2tlbl90eXBlIjoicmVmcmVzaCIsImV4cCI6MTYxMzcxODYwOSwianRpIjoiOTMxZGEwMjI1NDc2NDU4MjgwNDMzZTJmMTA5ZjNiOWMiLCJ1c2VyX2lkIjoxfQ.hf_Yn9hula3N8kAfKzahCMYpw7p7Fc0-CiGqxyPGjMk", "created_at": "2021-01-20T07:10:09.223Z", "expires_at": "2021-02-19T07:10:09Z"}}, {"model": "token_blacklist.outstandingtoken", "pk": 237, "fields": {"user": 1, "jti": "a341998a8c374a69b06d20847458ab12", "token": "eyJ0eXAiOiJKV1QiLCJhbGciOiJIUzI1NiJ9.eyJ0b2tlbl90eXBlIjoicmVmcmVzaCIsImV4cCI6MTYxMzcxOTA3NiwianRpIjoiYTM0MTk5OGE4YzM3NGE2OWIwNmQyMDg0NzQ1OGFiMTIiLCJ1c2VyX2lkIjoxfQ.FM6BExyCOHPsOWK9qveDhI9vfuliI1qnrARZSUlHpW4", "created_at": "2021-01-20T07:17:56.758Z", "expires_at": "2021-02-19T07:17:56Z"}}, {"model": "token_blacklist.outstandingtoken", "pk": 238, "fields": {"user": null, "jti": "52aacfcc92494683bb18016f266d24c7", "token": "eyJ0eXAiOiJKV1QiLCJhbGciOiJIUzI1NiJ9.eyJ0b2tlbl90eXBlIjoicmVmcmVzaCIsImV4cCI6MTYxMzcxOTMxMiwianRpIjoiNTJhYWNmY2M5MjQ5NDY4M2JiMTgwMTZmMjY2ZDI0YzciLCJ1c2VyX2lkIjoxfQ.Zuq0mRnqcfZtA-tUJ2QU9X1D1XXlqtDY8YquGEveRHE", "created_at": null, "expires_at": "2021-02-19T07:21:52Z"}}, {"model": "token_blacklist.outstandingtoken", "pk": 239, "fields": {"user": null, "jti": "decd5ec3e13e4b2399a78c456d54aeae", "token": "eyJ0eXAiOiJKV1QiLCJhbGciOiJIUzI1NiJ9.eyJ0b2tlbl90eXBlIjoicmVmcmVzaCIsImV4cCI6MTYxMzcxOTMxMywianRpIjoiZGVjZDVlYzNlMTNlNGIyMzk5YTc4YzQ1NmQ1NGFlYWUiLCJ1c2VyX2lkIjoxfQ.5AqtfqCpzwzcxe8Cd79nyzkmnHs31gcf2Jd7cGJnxoU", "created_at": null, "expires_at": "2021-02-19T07:21:53Z"}}, {"model": "token_blacklist.outstandingtoken", "pk": 240, "fields": {"user": null, "jti": "461adbc3dee747bcbc5969da26ab95c0", "token": "eyJ0eXAiOiJKV1QiLCJhbGciOiJIUzI1NiJ9.eyJ0b2tlbl90eXBlIjoicmVmcmVzaCIsImV4cCI6MTYxMzcxOTM4OCwianRpIjoiNDYxYWRiYzNkZWU3NDdiY2JjNTk2OWRhMjZhYjk1YzAiLCJ1c2VyX2lkIjoxfQ.UkGxqPFZ_ct-AqJfrkxRZABVTrfWb5J0nCVjDEk_9w8", "created_at": null, "expires_at": "2021-02-19T07:23:08Z"}}, {"model": "token_blacklist.outstandingtoken", "pk": 241, "fields": {"user": 1, "jti": "32eaa823bb0d44e59fd8a0189da6eec0", "token": "eyJ0eXAiOiJKV1QiLCJhbGciOiJIUzI1NiJ9.eyJ0b2tlbl90eXBlIjoicmVmcmVzaCIsImV4cCI6MTYxMzcxOTM5OCwianRpIjoiMzJlYWE4MjNiYjBkNDRlNTlmZDhhMDE4OWRhNmVlYzAiLCJ1c2VyX2lkIjoxfQ.L9o_7TLAqQLOsgwnT9OUlehqBNUHAP1GUyG40a7tMMk", "created_at": "2021-01-20T07:23:18.762Z", "expires_at": "2021-02-19T07:23:18Z"}}, {"model": "token_blacklist.outstandingtoken", "pk": 242, "fields": {"user": null, "jti": "1cc3b7d428c14efeb4185ee4ed12b472", "token": "eyJ0eXAiOiJKV1QiLCJhbGciOiJIUzI1NiJ9.eyJ0b2tlbl90eXBlIjoicmVmcmVzaCIsImV4cCI6MTYxMzcxOTY0MCwianRpIjoiMWNjM2I3ZDQyOGMxNGVmZWI0MTg1ZWU0ZWQxMmI0NzIiLCJ1c2VyX2lkIjoxfQ.aBbeDM_HFkxnXytVlrYkzXDrzeWK0LJAXR91e7rWO1I", "created_at": null, "expires_at": "2021-02-19T07:27:20Z"}}, {"model": "token_blacklist.outstandingtoken", "pk": 243, "fields": {"user": 1, "jti": "3843390f9e8e4ba0986093ddc09e3b5b", "token": "eyJ0eXAiOiJKV1QiLCJhbGciOiJIUzI1NiJ9.eyJ0b2tlbl90eXBlIjoicmVmcmVzaCIsImV4cCI6MTYxMzcxOTY0OCwianRpIjoiMzg0MzM5MGY5ZThlNGJhMDk4NjA5M2RkYzA5ZTNiNWIiLCJ1c2VyX2lkIjoxfQ._uCNjO-Za5Ordf9rBImSMBIKgnvVuti2DDymMQeXdpk", "created_at": "2021-01-20T07:27:28.741Z", "expires_at": "2021-02-19T07:27:28Z"}}, {"model": "token_blacklist.outstandingtoken", "pk": 244, "fields": {"user": null, "jti": "9914a3c4241f49a8b906f118b66fe8d2", "token": "eyJ0eXAiOiJKV1QiLCJhbGciOiJIUzI1NiJ9.eyJ0b2tlbl90eXBlIjoicmVmcmVzaCIsImV4cCI6MTYxMzcxOTY5MiwianRpIjoiOTkxNGEzYzQyNDFmNDlhOGI5MDZmMTE4YjY2ZmU4ZDIifQ.Cb0ioBoKBUihaCFSohisz0pEy-IaauvOwb-GvVV8A9Q", "created_at": null, "expires_at": "2021-02-19T07:28:12Z"}}, {"model": "token_blacklist.outstandingtoken", "pk": 245, "fields": {"user": 1, "jti": "3811712b52804b0bbba8a2b8c32fefd1", "token": "eyJ0eXAiOiJKV1QiLCJhbGciOiJIUzI1NiJ9.eyJ0b2tlbl90eXBlIjoicmVmcmVzaCIsImV4cCI6MTYxMzcxOTY5MywianRpIjoiMzgxMTcxMmI1MjgwNGIwYmJiYThhMmI4YzMyZmVmZDEiLCJ1c2VyX2lkIjoxfQ.RvVfMWmGlFu9vO0TjO6_jxPgwpebHsbxB4zfDTahCRA", "created_at": "2021-01-20T07:28:13.508Z", "expires_at": "2021-02-19T07:28:13Z"}}, {"model": "token_blacklist.outstandingtoken", "pk": 246, "fields": {"user": null, "jti": "b1c935630a1747d587028f14d81be117", "token": "eyJ0eXAiOiJKV1QiLCJhbGciOiJIUzI1NiJ9.eyJ0b2tlbl90eXBlIjoicmVmcmVzaCIsImV4cCI6MTYxMzcyMDYwOCwianRpIjoiYjFjOTM1NjMwYTE3NDdkNTg3MDI4ZjE0ZDgxYmUxMTcifQ.cgXUzkR2P3EsH-Oe2jNTQAQFrsXqkQ2FegYrjuMV9is", "created_at": null, "expires_at": "2021-02-19T07:43:28Z"}}, {"model": "token_blacklist.outstandingtoken", "pk": 247, "fields": {"user": null, "jti": "089c41bc4d5048baa4a8e356beb92502", "token": "eyJ0eXAiOiJKV1QiLCJhbGciOiJIUzI1NiJ9.eyJ0b2tlbl90eXBlIjoicmVmcmVzaCIsImV4cCI6MTYxMzcyMDYxMCwianRpIjoiMDg5YzQxYmM0ZDUwNDhiYWE0YThlMzU2YmViOTI1MDIifQ.PB5M723UFf8x7lBBIPBpNeZX06uQikJta2tWK5IZ_M8", "created_at": null, "expires_at": "2021-02-19T07:43:30Z"}}, {"model": "token_blacklist.outstandingtoken", "pk": 248, "fields": {"user": null, "jti": "8a2db7a68b514ceda70e1202c61dfca9", "token": "eyJ0eXAiOiJKV1QiLCJhbGciOiJIUzI1NiJ9.eyJ0b2tlbl90eXBlIjoicmVmcmVzaCIsImV4cCI6MTYxMzcyMDYxMSwianRpIjoiOGEyZGI3YTY4YjUxNGNlZGE3MGUxMjAyYzYxZGZjYTkifQ.Pu8iF1xt3u6MHgzxRAO4J5WHCxSWowInSHTKoio5S3Q", "created_at": null, "expires_at": "2021-02-19T07:43:31Z"}}, {"model": "token_blacklist.outstandingtoken", "pk": 249, "fields": {"user": null, "jti": "32ae1bb5df1545c4be07ee09eb4cfaee", "token": "eyJ0eXAiOiJKV1QiLCJhbGciOiJIUzI1NiJ9.eyJ0b2tlbl90eXBlIjoicmVmcmVzaCIsImV4cCI6MTYxMzcyMDYxMiwianRpIjoiMzJhZTFiYjVkZjE1NDVjNGJlMDdlZTA5ZWI0Y2ZhZWUifQ.d7lO2zeHzK1BkT5Qypaf-ahGvFErYIdQSLVvIlvgFqU", "created_at": null, "expires_at": "2021-02-19T07:43:32Z"}}, {"model": "token_blacklist.outstandingtoken", "pk": 250, "fields": {"user": null, "jti": "57c560b120d34c69846bfd30b9e2df5d", "token": "eyJ0eXAiOiJKV1QiLCJhbGciOiJIUzI1NiJ9.eyJ0b2tlbl90eXBlIjoicmVmcmVzaCIsImV4cCI6MTYxMzcyMDYxMiwianRpIjoiNTdjNTYwYjEyMGQzNGM2OTg0NmJmZDMwYjllMmRmNWQifQ.661yRxhQPtflApo1IsuEwpYJKYjsfyTjZ-SmvCPdKw8", "created_at": null, "expires_at": "2021-02-19T07:43:32Z"}}, {"model": "token_blacklist.outstandingtoken", "pk": 251, "fields": {"user": null, "jti": "aa11636fb0cf4ba79c5ad55d997762fa", "token": "eyJ0eXAiOiJKV1QiLCJhbGciOiJIUzI1NiJ9.eyJ0b2tlbl90eXBlIjoicmVmcmVzaCIsImV4cCI6MTYxMzcyMDYxMywianRpIjoiYWExMTYzNmZiMGNmNGJhNzljNWFkNTVkOTk3NzYyZmEifQ.Qlm8F_jk29Kr_rbxH-7yzg0onZEJrcMgiGwZWhr-FNQ", "created_at": null, "expires_at": "2021-02-19T07:43:33Z"}}, {"model": "token_blacklist.outstandingtoken", "pk": 252, "fields": {"user": null, "jti": "b0fabd3940a6428b971b5b2d1b797af8", "token": "eyJ0eXAiOiJKV1QiLCJhbGciOiJIUzI1NiJ9.eyJ0b2tlbl90eXBlIjoicmVmcmVzaCIsImV4cCI6MTYxMzcyMDY0MSwianRpIjoiYjBmYWJkMzk0MGE2NDI4Yjk3MWI1YjJkMWI3OTdhZjgifQ.tHEpsi2Pf60vIaoGM6lNQHY64qpPe_ee8Tfs-z8u92o", "created_at": null, "expires_at": "2021-02-19T07:44:01Z"}}, {"model": "token_blacklist.outstandingtoken", "pk": 253, "fields": {"user": 1, "jti": "7db56f8964744ffdb434a9dbbcec7ecd", "token": "eyJ0eXAiOiJKV1QiLCJhbGciOiJIUzI1NiJ9.eyJ0b2tlbl90eXBlIjoicmVmcmVzaCIsImV4cCI6MTYxMzcyMDY0NCwianRpIjoiN2RiNTZmODk2NDc0NGZmZGI0MzRhOWRiYmNlYzdlY2QiLCJ1c2VyX2lkIjoxfQ.7BenyWyxZ-ZaQC0_bgtBXL_EauY7wwezBjVN8O_20tE", "created_at": "2021-01-20T07:44:04.662Z", "expires_at": "2021-02-19T07:44:04Z"}}, {"model": "token_blacklist.outstandingtoken", "pk": 254, "fields": {"user": null, "jti": "7984c74289184c36aec82bd396c3a54f", "token": "eyJ0eXAiOiJKV1QiLCJhbGciOiJIUzI1NiJ9.eyJ0b2tlbl90eXBlIjoicmVmcmVzaCIsImV4cCI6MTYxMzcyMDc1MCwianRpIjoiNzk4NGM3NDI4OTE4NGMzNmFlYzgyYmQzOTZjM2E1NGYiLCJ1c2VyX2lkIjoxfQ.Mz2QtysgTzrVMEG_eRsb_pW4jqu-lGF4snqvKSXMJ74", "created_at": null, "expires_at": "2021-02-19T07:45:50Z"}}, {"model": "token_blacklist.outstandingtoken", "pk": 255, "fields": {"user": null, "jti": "78b78f4a0639449cbbb767556a1e9495", "token": "eyJ0eXAiOiJKV1QiLCJhbGciOiJIUzI1NiJ9.eyJ0b2tlbl90eXBlIjoicmVmcmVzaCIsImV4cCI6MTYxMzcyMDgxMiwianRpIjoiNzhiNzhmNGEwNjM5NDQ5Y2JiYjc2NzU1NmExZTk0OTUiLCJ1c2VyX2lkIjoxfQ.hABnLaHg1-sqQZqKrBB5ikgkIrDg4oAW1VNqy7ht074", "created_at": null, "expires_at": "2021-02-19T07:46:52Z"}}, {"model": "token_blacklist.outstandingtoken", "pk": 256, "fields": {"user": null, "jti": "df8c2a584a3145adaa78dadf4adf2382", "token": "eyJ0eXAiOiJKV1QiLCJhbGciOiJIUzI1NiJ9.eyJ0b2tlbl90eXBlIjoicmVmcmVzaCIsImV4cCI6MTYxMzcyMDkzMywianRpIjoiZGY4YzJhNTg0YTMxNDVhZGFhNzhkYWRmNGFkZjIzODIiLCJ1c2VyX2lkIjoxfQ.g8JQGI1QT5MLwyqltn-PGxu33qT9u3IoCJgmxsjgYIY", "created_at": null, "expires_at": "2021-02-19T07:48:53Z"}}, {"model": "token_blacklist.outstandingtoken", "pk": 257, "fields": {"user": null, "jti": "760267fe756e4602a52a2f9dbe17b764", "token": "eyJ0eXAiOiJKV1QiLCJhbGciOiJIUzI1NiJ9.eyJ0b2tlbl90eXBlIjoicmVmcmVzaCIsImV4cCI6MTYxMzcyMTAwOSwianRpIjoiNzYwMjY3ZmU3NTZlNDYwMmE1MmEyZjlkYmUxN2I3NjQiLCJ1c2VyX2lkIjoxfQ.G-k-K0E2x8dLcaqOuts4Qb7i2VkQc_Py3MFHYxxwzMU", "created_at": null, "expires_at": "2021-02-19T07:50:09Z"}}, {"model": "token_blacklist.outstandingtoken", "pk": 258, "fields": {"user": null, "jti": "2549bcaf07e84bf598b7b1bc190bcc73", "token": "eyJ0eXAiOiJKV1QiLCJhbGciOiJIUzI1NiJ9.eyJ0b2tlbl90eXBlIjoicmVmcmVzaCIsImV4cCI6MTYxMzcyMTUzMywianRpIjoiMjU0OWJjYWYwN2U4NGJmNTk4YjdiMWJjMTkwYmNjNzMiLCJ1c2VyX2lkIjoxfQ.jnvSCD6q921RjS_EgDUuMo7FeYq1swOo0jtwCsoPlpQ", "created_at": null, "expires_at": "2021-02-19T07:58:53Z"}}, {"model": "token_blacklist.outstandingtoken", "pk": 259, "fields": {"user": null, "jti": "9b73f550474641dc857b315d18000917", "token": "eyJ0eXAiOiJKV1QiLCJhbGciOiJIUzI1NiJ9.eyJ0b2tlbl90eXBlIjoicmVmcmVzaCIsImV4cCI6MTYxMzcyMTYwMSwianRpIjoiOWI3M2Y1NTA0NzQ2NDFkYzg1N2IzMTVkMTgwMDA5MTciLCJ1c2VyX2lkIjoxfQ.y0cA-J456VYQNF7L4lMYMEIk8zMWsCtgn9VoHk8Kin0", "created_at": null, "expires_at": "2021-02-19T08:00:01Z"}}, {"model": "token_blacklist.outstandingtoken", "pk": 260, "fields": {"user": null, "jti": "26de7ebdb89243ddae650da2d0fbbf0c", "token": "eyJ0eXAiOiJKV1QiLCJhbGciOiJIUzI1NiJ9.eyJ0b2tlbl90eXBlIjoicmVmcmVzaCIsImV4cCI6MTYxMzcyMTY3MSwianRpIjoiMjZkZTdlYmRiODkyNDNkZGFlNjUwZGEyZDBmYmJmMGMiLCJ1c2VyX2lkIjoxfQ.9U9ZERTx75SZCFl97xhU_5f6mLr9ErXhcxrVCxEp8rk", "created_at": null, "expires_at": "2021-02-19T08:01:11Z"}}, {"model": "token_blacklist.outstandingtoken", "pk": 261, "fields": {"user": null, "jti": "fa31e67b1a004b54a4ee1c0b6bd7597a", "token": "eyJ0eXAiOiJKV1QiLCJhbGciOiJIUzI1NiJ9.eyJ0b2tlbl90eXBlIjoicmVmcmVzaCIsImV4cCI6MTYxMzcyMTc3NiwianRpIjoiZmEzMWU2N2IxYTAwNGI1NGE0ZWUxYzBiNmJkNzU5N2EiLCJ1c2VyX2lkIjoxfQ.YLH2NF8cb7eO8VL0cb6Ah9FDeDl1rmYy90AcECtIMyM", "created_at": null, "expires_at": "2021-02-19T08:02:56Z"}}, {"model": "token_blacklist.outstandingtoken", "pk": 262, "fields": {"user": null, "jti": "8b59131c7ad34097a84b3413971059bb", "token": "eyJ0eXAiOiJKV1QiLCJhbGciOiJIUzI1NiJ9.eyJ0b2tlbl90eXBlIjoicmVmcmVzaCIsImV4cCI6MTYxMzcyMTkxNSwianRpIjoiOGI1OTEzMWM3YWQzNDA5N2E4NGIzNDEzOTcxMDU5YmIiLCJ1c2VyX2lkIjoxfQ.jXfEvn5UIcDh3eorG02zNN8gr0xWMWbdvJYc-7k9WLI", "created_at": null, "expires_at": "2021-02-19T08:05:15Z"}}, {"model": "token_blacklist.outstandingtoken", "pk": 263, "fields": {"user": null, "jti": "1319113e13f24f4bbfc865dd8cd9917c", "token": "eyJ0eXAiOiJKV1QiLCJhbGciOiJIUzI1NiJ9.eyJ0b2tlbl90eXBlIjoicmVmcmVzaCIsImV4cCI6MTYxMzcyMTk3NywianRpIjoiMTMxOTExM2UxM2YyNGY0YmJmYzg2NWRkOGNkOTkxN2MiLCJ1c2VyX2lkIjoxfQ.YDCnvljdrFOQuu1PdYnT36ffmYP3Q54SYYXoTzdQhjc", "created_at": null, "expires_at": "2021-02-19T08:06:17Z"}}, {"model": "token_blacklist.outstandingtoken", "pk": 264, "fields": {"user": null, "jti": "7e00a4a92cb04cb8b1d7c6170f0cd9ec", "token": "eyJ0eXAiOiJKV1QiLCJhbGciOiJIUzI1NiJ9.eyJ0b2tlbl90eXBlIjoicmVmcmVzaCIsImV4cCI6MTYxMzcyMjQ0OSwianRpIjoiN2UwMGE0YTkyY2IwNGNiOGIxZDdjNjE3MGYwY2Q5ZWMiLCJ1c2VyX2lkIjoxfQ.PXxKX3v4R6_703jmKfOHj6DScj7GVpI2iullSn73kxA", "created_at": null, "expires_at": "2021-02-19T08:14:09Z"}}, {"model": "token_blacklist.outstandingtoken", "pk": 265, "fields": {"user": null, "jti": "a74cb2d961254fb68fbc98ef0fe1660b", "token": "eyJ0eXAiOiJKV1QiLCJhbGciOiJIUzI1NiJ9.eyJ0b2tlbl90eXBlIjoicmVmcmVzaCIsImV4cCI6MTYxMzcyMjY0NCwianRpIjoiYTc0Y2IyZDk2MTI1NGZiNjhmYmM5OGVmMGZlMTY2MGIiLCJ1c2VyX2lkIjoxfQ.pHwZ2LuXIjNfvJ9tnIJHHnssYVMlmttOUYq2S5wLcck", "created_at": null, "expires_at": "2021-02-19T08:17:24Z"}}, {"model": "token_blacklist.outstandingtoken", "pk": 266, "fields": {"user": null, "jti": "b87b647206ac42df840f57ddbf7c9df0", "token": "eyJ0eXAiOiJKV1QiLCJhbGciOiJIUzI1NiJ9.eyJ0b2tlbl90eXBlIjoicmVmcmVzaCIsImV4cCI6MTYxMzcyMjcxNCwianRpIjoiYjg3YjY0NzIwNmFjNDJkZjg0MGY1N2RkYmY3YzlkZjAiLCJ1c2VyX2lkIjoxfQ.4UaqQ9O1HFEnm2ewXz9eSTjDTo2C8uVozqK3ZX3WQtc", "created_at": null, "expires_at": "2021-02-19T08:18:34Z"}}, {"model": "token_blacklist.outstandingtoken", "pk": 267, "fields": {"user": null, "jti": "8c8954076ad24f79ba6a2c3dc8c6ee1e", "token": "eyJ0eXAiOiJKV1QiLCJhbGciOiJIUzI1NiJ9.eyJ0b2tlbl90eXBlIjoicmVmcmVzaCIsImV4cCI6MTYxMzcyMjc3NiwianRpIjoiOGM4OTU0MDc2YWQyNGY3OWJhNmEyYzNkYzhjNmVlMWUiLCJ1c2VyX2lkIjoxfQ.VIekj4UkpdZVMSuQTCkDr4j8OOcfdNrVTbeyc6yiBcE", "created_at": null, "expires_at": "2021-02-19T08:19:36Z"}}, {"model": "token_blacklist.outstandingtoken", "pk": 268, "fields": {"user": null, "jti": "2639023cb5914773917512f45b743dea", "token": "eyJ0eXAiOiJKV1QiLCJhbGciOiJIUzI1NiJ9.eyJ0b2tlbl90eXBlIjoicmVmcmVzaCIsImV4cCI6MTYxMzcyMjg0NCwianRpIjoiMjYzOTAyM2NiNTkxNDc3MzkxNzUxMmY0NWI3NDNkZWEiLCJ1c2VyX2lkIjoxfQ.Z0OajHDupOYvtun2qNmuxiRzcvkcpS-WC9EtvuDGDEk", "created_at": null, "expires_at": "2021-02-19T08:20:44Z"}}, {"model": "token_blacklist.outstandingtoken", "pk": 269, "fields": {"user": null, "jti": "2a419a361896446888ed5e456c3b54ad", "token": "eyJ0eXAiOiJKV1QiLCJhbGciOiJIUzI1NiJ9.eyJ0b2tlbl90eXBlIjoicmVmcmVzaCIsImV4cCI6MTYxMzcyMjk3OSwianRpIjoiMmE0MTlhMzYxODk2NDQ2ODg4ZWQ1ZTQ1NmMzYjU0YWQiLCJ1c2VyX2lkIjoxfQ.MsjmPdyKs1JkElgeEo7njfJnHB9-ejALgEyE7Iw-5Io", "created_at": null, "expires_at": "2021-02-19T08:22:59Z"}}, {"model": "token_blacklist.outstandingtoken", "pk": 270, "fields": {"user": null, "jti": "0aafc1985d554a8093722d319468fd0c", "token": "eyJ0eXAiOiJKV1QiLCJhbGciOiJIUzI1NiJ9.eyJ0b2tlbl90eXBlIjoicmVmcmVzaCIsImV4cCI6MTYxMzcyMzA0OCwianRpIjoiMGFhZmMxOTg1ZDU1NGE4MDkzNzIyZDMxOTQ2OGZkMGMiLCJ1c2VyX2lkIjoxfQ.88zPsoylPmbU7py5qUSanIXuQzi-1JCh0Ls4OTl4Dhc", "created_at": null, "expires_at": "2021-02-19T08:24:08Z"}}, {"model": "token_blacklist.outstandingtoken", "pk": 271, "fields": {"user": null, "jti": "f8d59ecc65df4f08baa5caaf7f62946b", "token": "eyJ0eXAiOiJKV1QiLCJhbGciOiJIUzI1NiJ9.eyJ0b2tlbl90eXBlIjoicmVmcmVzaCIsImV4cCI6MTYxMzcyMzM2MSwianRpIjoiZjhkNTllY2M2NWRmNGYwOGJhYTVjYWFmN2Y2Mjk0NmIiLCJ1c2VyX2lkIjoxfQ.rqtEvehFzX8Q8ZX2itM8nqeceW-vGozIlY1qQcgLzyc", "created_at": null, "expires_at": "2021-02-19T08:29:21Z"}}, {"model": "token_blacklist.outstandingtoken", "pk": 272, "fields": {"user": null, "jti": "50a6215792194987bce14e710d6fedb1", "token": "eyJ0eXAiOiJKV1QiLCJhbGciOiJIUzI1NiJ9.eyJ0b2tlbl90eXBlIjoicmVmcmVzaCIsImV4cCI6MTYxMzcyMzQ0NiwianRpIjoiNTBhNjIxNTc5MjE5NDk4N2JjZTE0ZTcxMGQ2ZmVkYjEiLCJ1c2VyX2lkIjoxfQ.pEAC9llvMzD7GCJIQNMx175lyoJpHLwrAzaGUlC2Z8k", "created_at": null, "expires_at": "2021-02-19T08:30:46Z"}}, {"model": "token_blacklist.outstandingtoken", "pk": 273, "fields": {"user": null, "jti": "f6bd75afc76545faa7e4fa5800e348d1", "token": "eyJ0eXAiOiJKV1QiLCJhbGciOiJIUzI1NiJ9.eyJ0b2tlbl90eXBlIjoicmVmcmVzaCIsImV4cCI6MTYxMzcyMzYxNCwianRpIjoiZjZiZDc1YWZjNzY1NDVmYWE3ZTRmYTU4MDBlMzQ4ZDEiLCJ1c2VyX2lkIjoxfQ.IuIL9xk6zUkKAc-HKPJGudwxkCsRNEuVyzJp5dAGhak", "created_at": null, "expires_at": "2021-02-19T08:33:34Z"}}, {"model": "token_blacklist.outstandingtoken", "pk": 274, "fields": {"user": null, "jti": "47e5c01147894c1f8a72e4cfb797957e", "token": "eyJ0eXAiOiJKV1QiLCJhbGciOiJIUzI1NiJ9.eyJ0b2tlbl90eXBlIjoicmVmcmVzaCIsImV4cCI6MTYxMzcyNDAyMSwianRpIjoiNDdlNWMwMTE0Nzg5NGMxZjhhNzJlNGNmYjc5Nzk1N2UiLCJ1c2VyX2lkIjoxfQ.1MZWoIMF3QrPJ8S1kDw7sRA5j9yqV8qaztj-JuyvdE8", "created_at": null, "expires_at": "2021-02-19T08:40:21Z"}}, {"model": "token_blacklist.outstandingtoken", "pk": 275, "fields": {"user": null, "jti": "823762fb680641908fd54bf4084a6591", "token": "eyJ0eXAiOiJKV1QiLCJhbGciOiJIUzI1NiJ9.eyJ0b2tlbl90eXBlIjoicmVmcmVzaCIsImV4cCI6MTYxMzcyNDE4MiwianRpIjoiODIzNzYyZmI2ODA2NDE5MDhmZDU0YmY0MDg0YTY1OTEiLCJ1c2VyX2lkIjoxfQ.6bSpzNpN-vLyBDdPU-fux5x2yit1QsACYrzSR12IGww", "created_at": null, "expires_at": "2021-02-19T08:43:02Z"}}, {"model": "token_blacklist.outstandingtoken", "pk": 276, "fields": {"user": null, "jti": "a63fd1a012c54a3a95bef49e0c1c2e12", "token": "eyJ0eXAiOiJKV1QiLCJhbGciOiJIUzI1NiJ9.eyJ0b2tlbl90eXBlIjoicmVmcmVzaCIsImV4cCI6MTYxMzcyNDQ4NCwianRpIjoiYTYzZmQxYTAxMmM1NGEzYTk1YmVmNDllMGMxYzJlMTIiLCJ1c2VyX2lkIjoxfQ.Y_lu7knYmXhGcAmKWdFJNnoYE1M2d_89ZYHenJIZFR8", "created_at": null, "expires_at": "2021-02-19T08:48:04Z"}}, {"model": "token_blacklist.outstandingtoken", "pk": 277, "fields": {"user": null, "jti": "70dd39b5a1a844eb862cb35ae650f166", "token": "eyJ0eXAiOiJKV1QiLCJhbGciOiJIUzI1NiJ9.eyJ0b2tlbl90eXBlIjoicmVmcmVzaCIsImV4cCI6MTYxMzcyNjE0MSwianRpIjoiNzBkZDM5YjVhMWE4NDRlYjg2MmNiMzVhZTY1MGYxNjYiLCJ1c2VyX2lkIjoxfQ.DzhBHep8A2T_fo0skI62s-xjDjDzX9nfopscxbOb3nI", "created_at": null, "expires_at": "2021-02-19T09:15:41Z"}}, {"model": "token_blacklist.outstandingtoken", "pk": 278, "fields": {"user": 1, "jti": "ba1f7647512c403db6c91b11e170f6ea", "token": "eyJ0eXAiOiJKV1QiLCJhbGciOiJIUzI1NiJ9.eyJ0b2tlbl90eXBlIjoicmVmcmVzaCIsImV4cCI6MTYxMzcyNjQ2NywianRpIjoiYmExZjc2NDc1MTJjNDAzZGI2YzkxYjExZTE3MGY2ZWEiLCJ1c2VyX2lkIjoxfQ.KqiSax2Q1Zb3Ftizk-PSFpZYmnDSFhYVbIqkC1XgwzY", "created_at": "2021-01-20T09:21:07.001Z", "expires_at": "2021-02-19T09:21:07Z"}}]
